variant,entry_mode,return,max_drawdown,trade_count,gross_closed_pnl,net_closed_pnl,profit_factor,avg_winner,avg_loser,expectancy_per_trade,avg_R_realized,remove_best_trade_net,mfe_capture_ratio,squeeze_bw_q,squeeze_atr_q,range_pos_threshold,take_R,trail_start_R,winner_loser_ratio,return_over_dd
PP_BW0.20_AQ0.30_RP0.55_TK12_TS1.2,chase,0.02389352805253031,-0.009004133590898356,18,251.89326050558813,241.86822995558816,3.9784776139486406,64.6147101389819,-6.246563133793956,13.437123886421565,2.1134412949468673,120.69942839981388,-2.243855062214417,0.2,0.3,0.55,12.0,1.2,10.344041796266465,2.6536176758508554
PP_BW0.20_AQ0.30_RP0.55_TK12_TS1.6,chase,0.02389352805253031,-0.009004133590898356,18,251.89326050558813,241.86822995558816,3.9784776139486406,64.6147101389819,-6.246563133793956,13.437123886421565,2.1134412949468673,120.69942839981388,-2.243855062214417,0.2,0.3,0.55,12.0,1.6,10.344041796266465,2.6536176758508554
PP_BW0.20_AQ0.30_RP0.55_TK12_TS2.0,chase,0.02389352805253031,-0.009004133590898356,18,251.89326050558813,241.86822995558816,3.9784776139486406,64.6147101389819,-6.246563133793956,13.437123886421565,2.1134412949468673,120.69942839981388,-2.243855062214417,0.2,0.3,0.55,12.0,2.0,10.344041796266465,2.6536176758508554
PP_BW0.20_AQ0.30_RP0.60_TK12_TS1.2,chase,0.02389352805253031,-0.009004133590898356,18,251.89326050558813,241.86822995558816,3.9784776139486406,64.6147101389819,-6.246563133793956,13.437123886421565,2.1134412949468673,120.69942839981388,-2.243855062214417,0.2,0.3,0.6,12.0,1.2,10.344041796266465,2.6536176758508554
PP_BW0.20_AQ0.30_RP0.60_TK12_TS1.6,chase,0.02389352805253031,-0.009004133590898356,18,251.89326050558813,241.86822995558816,3.9784776139486406,64.6147101389819,-6.246563133793956,13.437123886421565,2.1134412949468673,120.69942839981388,-2.243855062214417,0.2,0.3,0.6,12.0,1.6,10.344041796266465,2.6536176758508554
PP_BW0.20_AQ0.30_RP0.60_TK12_TS2.0,chase,0.02389352805253031,-0.009004133590898356,18,251.89326050558813,241.86822995558816,3.9784776139486406,64.6147101389819,-6.246563133793956,13.437123886421565,2.1134412949468673,120.69942839981388,-2.243855062214417,0.2,0.3,0.6,12.0,2.0,10.344041796266465,2.6536176758508554
PP_BW0.20_AQ0.30_RP0.65_TK12_TS1.2,chase,0.02389352805253031,-0.009004133590898356,18,251.89326050558813,241.86822995558816,3.9784776139486406,64.6147101389819,-6.246563133793956,13.437123886421565,2.1134412949468673,120.69942839981388,-2.243855062214417,0.2,0.3,0.65,12.0,1.2,10.344041796266465,2.6536176758508554
PP_BW0.20_AQ0.30_RP0.65_TK12_TS1.6,chase,0.02389352805253031,-0.009004133590898356,18,251.89326050558813,241.86822995558816,3.9784776139486406,64.6147101389819,-6.246563133793956,13.437123886421565,2.1134412949468673,120.69942839981388,-2.243855062214417,0.2,0.3,0.65,12.0,1.6,10.344041796266465,2.6536176758508554
PP_BW0.20_AQ0.30_RP0.65_TK12_TS2.0,chase,0.02389352805253031,-0.009004133590898356,18,251.89326050558813,241.86822995558816,3.9784776139486406,64.6147101389819,-6.246563133793956,13.437123886421565,2.1134412949468673,120.69942839981388,-2.243855062214417,0.2,0.3,0.65,12.0,2.0,10.344041796266465,2.6536176758508554
PP_BW0.20_AQ0.35_RP0.55_TK12_TS1.2,chase,0.02389352805253031,-0.009004133590898356,18,251.89326050558813,241.86822995558816,3.9784776139486406,64.6147101389819,-6.246563133793956,13.437123886421565,2.1134412949468673,120.69942839981388,-2.243855062214417,0.2,0.35,0.55,12.0,1.2,10.344041796266465,2.6536176758508554
PP_BW0.20_AQ0.35_RP0.55_TK12_TS1.6,chase,0.02389352805253031,-0.009004133590898356,18,251.89326050558813,241.86822995558816,3.9784776139486406,64.6147101389819,-6.246563133793956,13.437123886421565,2.1134412949468673,120.69942839981388,-2.243855062214417,0.2,0.35,0.55,12.0,1.6,10.344041796266465,2.6536176758508554
PP_BW0.20_AQ0.35_RP0.55_TK12_TS2.0,chase,0.02389352805253031,-0.009004133590898356,18,251.89326050558813,241.86822995558816,3.9784776139486406,64.6147101389819,-6.246563133793956,13.437123886421565,2.1134412949468673,120.69942839981388,-2.243855062214417,0.2,0.35,0.55,12.0,2.0,10.344041796266465,2.6536176758508554
PP_BW0.20_AQ0.35_RP0.60_TK12_TS1.2,chase,0.02389352805253031,-0.009004133590898356,18,251.89326050558813,241.86822995558816,3.9784776139486406,64.6147101389819,-6.246563133793956,13.437123886421565,2.1134412949468673,120.69942839981388,-2.243855062214417,0.2,0.35,0.6,12.0,1.2,10.344041796266465,2.6536176758508554
PP_BW0.20_AQ0.35_RP0.60_TK12_TS1.6,chase,0.02389352805253031,-0.009004133590898356,18,251.89326050558813,241.86822995558816,3.9784776139486406,64.6147101389819,-6.246563133793956,13.437123886421565,2.1134412949468673,120.69942839981388,-2.243855062214417,0.2,0.35,0.6,12.0,1.6,10.344041796266465,2.6536176758508554
PP_BW0.20_AQ0.35_RP0.60_TK12_TS2.0,chase,0.02389352805253031,-0.009004133590898356,18,251.89326050558813,241.86822995558816,3.9784776139486406,64.6147101389819,-6.246563133793956,13.437123886421565,2.1134412949468673,120.69942839981388,-2.243855062214417,0.2,0.35,0.6,12.0,2.0,10.344041796266465,2.6536176758508554
PP_BW0.20_AQ0.35_RP0.65_TK12_TS1.2,chase,0.02389352805253031,-0.009004133590898356,18,251.89326050558813,241.86822995558816,3.9784776139486406,64.6147101389819,-6.246563133793956,13.437123886421565,2.1134412949468673,120.69942839981388,-2.243855062214417,0.2,0.35,0.65,12.0,1.2,10.344041796266465,2.6536176758508554
PP_BW0.20_AQ0.35_RP0.65_TK12_TS1.6,chase,0.02389352805253031,-0.009004133590898356,18,251.89326050558813,241.86822995558816,3.9784776139486406,64.6147101389819,-6.246563133793956,13.437123886421565,2.1134412949468673,120.69942839981388,-2.243855062214417,0.2,0.35,0.65,12.0,1.6,10.344041796266465,2.6536176758508554
PP_BW0.20_AQ0.35_RP0.65_TK12_TS2.0,chase,0.02389352805253031,-0.009004133590898356,18,251.89326050558813,241.86822995558816,3.9784776139486406,64.6147101389819,-6.246563133793956,13.437123886421565,2.1134412949468673,120.69942839981388,-2.243855062214417,0.2,0.35,0.65,12.0,2.0,10.344041796266465,2.6536176758508554
PP_BW0.20_AQ0.40_RP0.55_TK12_TS1.2,chase,0.023280847503464708,-0.009004133590898356,19,245.96512318627032,235.82724476627035,3.703005499844989,64.6147101389819,-6.231878994902802,12.411960250856334,1.9477858252479663,114.65844321049607,-2.332803778963603,0.2,0.4,0.55,12.0,1.2,10.368415399565968,2.585573311239815
PP_BW0.20_AQ0.40_RP0.55_TK12_TS1.6,chase,0.023280847503464708,-0.009004133590898356,19,245.96512318627032,235.82724476627035,3.703005499844989,64.6147101389819,-6.231878994902802,12.411960250856334,1.9477858252479663,114.65844321049607,-2.332803778963603,0.2,0.4,0.55,12.0,1.6,10.368415399565968,2.585573311239815
PP_BW0.20_AQ0.40_RP0.55_TK12_TS2.0,chase,0.023280847503464708,-0.009004133590898356,19,245.96512318627032,235.82724476627035,3.703005499844989,64.6147101389819,-6.231878994902802,12.411960250856334,1.9477858252479663,114.65844321049607,-2.332803778963603,0.2,0.4,0.55,12.0,2.0,10.368415399565968,2.585573311239815
PP_BW0.20_AQ0.40_RP0.60_TK12_TS1.2,chase,0.023280847503464708,-0.009004133590898356,19,245.96512318627032,235.82724476627035,3.703005499844989,64.6147101389819,-6.231878994902802,12.411960250856334,1.9477858252479663,114.65844321049607,-2.332803778963603,0.2,0.4,0.6,12.0,1.2,10.368415399565968,2.585573311239815
PP_BW0.20_AQ0.40_RP0.60_TK12_TS1.6,chase,0.023280847503464708,-0.009004133590898356,19,245.96512318627032,235.82724476627035,3.703005499844989,64.6147101389819,-6.231878994902802,12.411960250856334,1.9477858252479663,114.65844321049607,-2.332803778963603,0.2,0.4,0.6,12.0,1.6,10.368415399565968,2.585573311239815
PP_BW0.20_AQ0.40_RP0.60_TK12_TS2.0,chase,0.023280847503464708,-0.009004133590898356,19,245.96512318627032,235.82724476627035,3.703005499844989,64.6147101389819,-6.231878994902802,12.411960250856334,1.9477858252479663,114.65844321049607,-2.332803778963603,0.2,0.4,0.6,12.0,2.0,10.368415399565968,2.585573311239815
PP_BW0.20_AQ0.40_RP0.65_TK12_TS1.2,chase,0.023280847503464708,-0.009004133590898356,19,245.96512318627032,235.82724476627035,3.703005499844989,64.6147101389819,-6.231878994902802,12.411960250856334,1.9477858252479663,114.65844321049607,-2.332803778963603,0.2,0.4,0.65,12.0,1.2,10.368415399565968,2.585573311239815
PP_BW0.20_AQ0.40_RP0.65_TK12_TS1.6,chase,0.023280847503464708,-0.009004133590898356,19,245.96512318627032,235.82724476627035,3.703005499844989,64.6147101389819,-6.231878994902802,12.411960250856334,1.9477858252479663,114.65844321049607,-2.332803778963603,0.2,0.4,0.65,12.0,1.6,10.368415399565968,2.585573311239815
PP_BW0.20_AQ0.40_RP0.65_TK12_TS2.0,chase,0.023280847503464708,-0.009004133590898356,19,245.96512318627032,235.82724476627035,3.703005499844989,64.6147101389819,-6.231878994902802,12.411960250856334,1.9477858252479663,114.65844321049607,-2.332803778963603,0.2,0.4,0.65,12.0,2.0,10.368415399565968,2.585573311239815
PP_BW0.25_AQ0.30_RP0.55_TK12_TS1.2,chase,0.021986201661313265,-0.009004133590898356,20,233.85883754193793,223.17330241193793,3.2339614390125457,64.6147101389819,-6.660016552198109,11.158665120596897,1.7961759944623257,102.00450085616365,-2.234020403758705,0.25,0.3,0.55,12.0,1.2,9.701884317037637,2.4417898112415357
PP_BW0.25_AQ0.30_RP0.55_TK12_TS1.6,chase,0.021986201661313265,-0.009004133590898356,20,233.85883754193793,223.17330241193793,3.2339614390125457,64.6147101389819,-6.660016552198109,11.158665120596897,1.7961759944623257,102.00450085616365,-2.234020403758705,0.25,0.3,0.55,12.0,1.6,9.701884317037637,2.4417898112415357
PP_BW0.25_AQ0.30_RP0.55_TK12_TS2.0,chase,0.021986201661313265,-0.009004133590898356,20,233.85883754193793,223.17330241193793,3.2339614390125457,64.6147101389819,-6.660016552198109,11.158665120596897,1.7961759944623257,102.00450085616365,-2.234020403758705,0.25,0.3,0.55,12.0,2.0,9.701884317037637,2.4417898112415357
PP_BW0.25_AQ0.30_RP0.60_TK12_TS1.2,chase,0.021986201661313265,-0.009004133590898356,20,233.85883754193793,223.17330241193793,3.2339614390125457,64.6147101389819,-6.660016552198109,11.158665120596897,1.7961759944623257,102.00450085616365,-2.234020403758705,0.25,0.3,0.6,12.0,1.2,9.701884317037637,2.4417898112415357
PP_BW0.25_AQ0.30_RP0.60_TK12_TS1.6,chase,0.021986201661313265,-0.009004133590898356,20,233.85883754193793,223.17330241193793,3.2339614390125457,64.6147101389819,-6.660016552198109,11.158665120596897,1.7961759944623257,102.00450085616365,-2.234020403758705,0.25,0.3,0.6,12.0,1.6,9.701884317037637,2.4417898112415357
PP_BW0.25_AQ0.30_RP0.60_TK12_TS2.0,chase,0.021986201661313265,-0.009004133590898356,20,233.85883754193793,223.17330241193793,3.2339614390125457,64.6147101389819,-6.660016552198109,11.158665120596897,1.7961759944623257,102.00450085616365,-2.234020403758705,0.25,0.3,0.6,12.0,2.0,9.701884317037637,2.4417898112415357
PP_BW0.25_AQ0.30_RP0.65_TK12_TS1.2,chase,0.021986201661313265,-0.009004133590898356,20,233.85883754193793,223.17330241193793,3.2339614390125457,64.6147101389819,-6.660016552198109,11.158665120596897,1.7961759944623257,102.00450085616365,-2.234020403758705,0.25,0.3,0.65,12.0,1.2,9.701884317037637,2.4417898112415357
PP_BW0.25_AQ0.30_RP0.65_TK12_TS1.6,chase,0.021986201661313265,-0.009004133590898356,20,233.85883754193793,223.17330241193793,3.2339614390125457,64.6147101389819,-6.660016552198109,11.158665120596897,1.7961759944623257,102.00450085616365,-2.234020403758705,0.25,0.3,0.65,12.0,1.6,9.701884317037637,2.4417898112415357
PP_BW0.25_AQ0.30_RP0.65_TK12_TS2.0,chase,0.021986201661313265,-0.009004133590898356,20,233.85883754193793,223.17330241193793,3.2339614390125457,64.6147101389819,-6.660016552198109,11.158665120596897,1.7961759944623257,102.00450085616365,-2.234020403758705,0.25,0.3,0.65,12.0,2.0,9.701884317037637,2.4417898112415357
PP_BW0.25_AQ0.35_RP0.55_TK12_TS1.2,chase,0.02041960226264261,-0.010532208140388799,21,218.62649604448143,207.71245858448142,2.8005417145812985,64.6147101389819,-7.210068256901759,9.891069456403878,1.661650238525318,86.54365702870714,-4.474788855803305,0.25,0.35,0.55,12.0,1.2,8.961733486660155,1.9387769393141538
PP_BW0.25_AQ0.35_RP0.55_TK12_TS1.6,chase,0.02041960226264261,-0.010532208140388799,21,218.62649604448143,207.71245858448142,2.8005417145812985,64.6147101389819,-7.210068256901759,9.891069456403878,1.661650238525318,86.54365702870714,-4.474788855803305,0.25,0.35,0.55,12.0,1.6,8.961733486660155,1.9387769393141538
PP_BW0.25_AQ0.35_RP0.55_TK12_TS2.0,chase,0.02041960226264261,-0.010532208140388799,21,218.62649604448143,207.71245858448142,2.8005417145812985,64.6147101389819,-7.210068256901759,9.891069456403878,1.661650238525318,86.54365702870714,-4.474788855803305,0.25,0.35,0.55,12.0,2.0,8.961733486660155,1.9387769393141538
PP_BW0.25_AQ0.35_RP0.60_TK12_TS1.2,chase,0.02041960226264261,-0.010532208140388799,21,218.62649604448143,207.71245858448142,2.8005417145812985,64.6147101389819,-7.210068256901759,9.891069456403878,1.661650238525318,86.54365702870714,-4.474788855803305,0.25,0.35,0.6,12.0,1.2,8.961733486660155,1.9387769393141538
PP_BW0.25_AQ0.35_RP0.60_TK12_TS1.6,chase,0.02041960226264261,-0.010532208140388799,21,218.62649604448143,207.71245858448142,2.8005417145812985,64.6147101389819,-7.210068256901759,9.891069456403878,1.661650238525318,86.54365702870714,-4.474788855803305,0.25,0.35,0.6,12.0,1.6,8.961733486660155,1.9387769393141538
PP_BW0.25_AQ0.35_RP0.60_TK12_TS2.0,chase,0.02041960226264261,-0.010532208140388799,21,218.62649604448143,207.71245858448142,2.8005417145812985,64.6147101389819,-7.210068256901759,9.891069456403878,1.661650238525318,86.54365702870714,-4.474788855803305,0.25,0.35,0.6,12.0,2.0,8.961733486660155,1.9387769393141538
PP_BW0.25_AQ0.35_RP0.65_TK12_TS1.2,chase,0.02041960226264261,-0.010532208140388799,21,218.62649604448143,207.71245858448142,2.8005417145812985,64.6147101389819,-7.210068256901759,9.891069456403878,1.661650238525318,86.54365702870714,-4.474788855803305,0.25,0.35,0.65,12.0,1.2,8.961733486660155,1.9387769393141538
PP_BW0.25_AQ0.35_RP0.65_TK12_TS1.6,chase,0.02041960226264261,-0.010532208140388799,21,218.62649604448143,207.71245858448142,2.8005417145812985,64.6147101389819,-7.210068256901759,9.891069456403878,1.661650238525318,86.54365702870714,-4.474788855803305,0.25,0.35,0.65,12.0,1.6,8.961733486660155,1.9387769393141538
PP_BW0.25_AQ0.35_RP0.65_TK12_TS2.0,chase,0.02041960226264261,-0.010532208140388799,21,218.62649604448143,207.71245858448142,2.8005417145812985,64.6147101389819,-7.210068256901759,9.891069456403878,1.661650238525318,86.54365702870714,-4.474788855803305,0.25,0.35,0.65,12.0,2.0,8.961733486660155,1.9387769393141538
PP_BW0.30_AQ0.30_RP0.55_TK12_TS1.2,chase,0.02041960226264261,-0.010532208140388799,21,218.62649604448143,207.71245858448142,2.8005417145812985,64.6147101389819,-7.210068256901759,9.891069456403878,1.661650238525318,86.54365702870714,-4.474788855803305,0.3,0.3,0.55,12.0,1.2,8.961733486660155,1.9387769393141538
PP_BW0.30_AQ0.30_RP0.55_TK12_TS1.6,chase,0.02041960226264261,-0.010532208140388799,21,218.62649604448143,207.71245858448142,2.8005417145812985,64.6147101389819,-7.210068256901759,9.891069456403878,1.661650238525318,86.54365702870714,-4.474788855803305,0.3,0.3,0.55,12.0,1.6,8.961733486660155,1.9387769393141538
PP_BW0.30_AQ0.30_RP0.55_TK12_TS2.0,chase,0.02041960226264261,-0.010532208140388799,21,218.62649604448143,207.71245858448142,2.8005417145812985,64.6147101389819,-7.210068256901759,9.891069456403878,1.661650238525318,86.54365702870714,-4.474788855803305,0.3,0.3,0.55,12.0,2.0,8.961733486660155,1.9387769393141538
PP_BW0.30_AQ0.30_RP0.60_TK12_TS1.2,chase,0.02041960226264261,-0.010532208140388799,21,218.62649604448143,207.71245858448142,2.8005417145812985,64.6147101389819,-7.210068256901759,9.891069456403878,1.661650238525318,86.54365702870714,-4.474788855803305,0.3,0.3,0.6,12.0,1.2,8.961733486660155,1.9387769393141538
PP_BW0.30_AQ0.30_RP0.60_TK12_TS1.6,chase,0.02041960226264261,-0.010532208140388799,21,218.62649604448143,207.71245858448142,2.8005417145812985,64.6147101389819,-7.210068256901759,9.891069456403878,1.661650238525318,86.54365702870714,-4.474788855803305,0.3,0.3,0.6,12.0,1.6,8.961733486660155,1.9387769393141538
PP_BW0.30_AQ0.30_RP0.60_TK12_TS2.0,chase,0.02041960226264261,-0.010532208140388799,21,218.62649604448143,207.71245858448142,2.8005417145812985,64.6147101389819,-7.210068256901759,9.891069456403878,1.661650238525318,86.54365702870714,-4.474788855803305,0.3,0.3,0.6,12.0,2.0,8.961733486660155,1.9387769393141538
PP_BW0.30_AQ0.30_RP0.65_TK12_TS1.2,chase,0.02041960226264261,-0.010532208140388799,21,218.62649604448143,207.71245858448142,2.8005417145812985,64.6147101389819,-7.210068256901759,9.891069456403878,1.661650238525318,86.54365702870714,-4.474788855803305,0.3,0.3,0.65,12.0,1.2,8.961733486660155,1.9387769393141538
PP_BW0.30_AQ0.30_RP0.65_TK12_TS1.6,chase,0.02041960226264261,-0.010532208140388799,21,218.62649604448143,207.71245858448142,2.8005417145812985,64.6147101389819,-7.210068256901759,9.891069456403878,1.661650238525318,86.54365702870714,-4.474788855803305,0.3,0.3,0.65,12.0,1.6,8.961733486660155,1.9387769393141538
PP_BW0.30_AQ0.30_RP0.65_TK12_TS2.0,chase,0.02041960226264261,-0.010532208140388799,21,218.62649604448143,207.71245858448142,2.8005417145812985,64.6147101389819,-7.210068256901759,9.891069456403878,1.661650238525318,86.54365702870714,-4.474788855803305,0.3,0.3,0.65,12.0,2.0,8.961733486660155,1.9387769393141538
PP_BW0.30_AQ0.35_RP0.55_TK12_TS1.2,chase,0.020121100879780807,-0.010535275599875438,21,215.89337311439613,204.7197850493961,2.729727684901563,64.6147101389819,-7.3971103528445905,9.748561192828387,1.661139448013016,83.55098349362186,-4.43283912444281,0.3,0.35,0.55,12.0,1.2,8.735128591685001,1.909878929035203
PP_BW0.30_AQ0.35_RP0.55_TK12_TS1.6,chase,0.020121100879780807,-0.010535275599875438,21,215.89337311439613,204.7197850493961,2.729727684901563,64.6147101389819,-7.3971103528445905,9.748561192828387,1.661139448013016,83.55098349362186,-4.43283912444281,0.3,0.35,0.55,12.0,1.6,8.735128591685001,1.909878929035203
PP_BW0.30_AQ0.35_RP0.55_TK12_TS2.0,chase,0.020121100879780807,-0.010535275599875438,21,215.89337311439613,204.7197850493961,2.729727684901563,64.6147101389819,-7.3971103528445905,9.748561192828387,1.661139448013016,83.55098349362186,-4.43283912444281,0.3,0.35,0.55,12.0,2.0,8.735128591685001,1.909878929035203
PP_BW0.30_AQ0.35_RP0.60_TK12_TS1.2,chase,0.020121100879780807,-0.010535275599875438,21,215.89337311439613,204.7197850493961,2.729727684901563,64.6147101389819,-7.3971103528445905,9.748561192828387,1.661139448013016,83.55098349362186,-4.43283912444281,0.3,0.35,0.6,12.0,1.2,8.735128591685001,1.909878929035203
PP_BW0.30_AQ0.35_RP0.60_TK12_TS1.6,chase,0.020121100879780807,-0.010535275599875438,21,215.89337311439613,204.7197850493961,2.729727684901563,64.6147101389819,-7.3971103528445905,9.748561192828387,1.661139448013016,83.55098349362186,-4.43283912444281,0.3,0.35,0.6,12.0,1.6,8.735128591685001,1.909878929035203
PP_BW0.30_AQ0.35_RP0.60_TK12_TS2.0,chase,0.020121100879780807,-0.010535275599875438,21,215.89337311439613,204.7197850493961,2.729727684901563,64.6147101389819,-7.3971103528445905,9.748561192828387,1.661139448013016,83.55098349362186,-4.43283912444281,0.3,0.35,0.6,12.0,2.0,8.735128591685001,1.909878929035203
PP_BW0.30_AQ0.35_RP0.65_TK12_TS1.2,chase,0.020121100879780807,-0.010535275599875438,21,215.89337311439613,204.7197850493961,2.729727684901563,64.6147101389819,-7.3971103528445905,9.748561192828387,1.661139448013016,83.55098349362186,-4.43283912444281,0.3,0.35,0.65,12.0,1.2,8.735128591685001,1.909878929035203
PP_BW0.30_AQ0.35_RP0.65_TK12_TS1.6,chase,0.020121100879780807,-0.010535275599875438,21,215.89337311439613,204.7197850493961,2.729727684901563,64.6147101389819,-7.3971103528445905,9.748561192828387,1.661139448013016,83.55098349362186,-4.43283912444281,0.3,0.35,0.65,12.0,1.6,8.735128591685001,1.909878929035203
PP_BW0.30_AQ0.35_RP0.65_TK12_TS2.0,chase,0.020121100879780807,-0.010535275599875438,21,215.89337311439613,204.7197850493961,2.729727684901563,64.6147101389819,-7.3971103528445905,9.748561192828387,1.661139448013016,83.55098349362186,-4.43283912444281,0.3,0.35,0.65,12.0,2.0,8.735128591685001,1.909878929035203
PP_BW0.25_AQ0.40_RP0.55_TK12_TS1.2,chase,0.019806921713576786,-0.010532208140388799,22,212.69835872516362,201.67147339516362,2.6611863477198145,64.6147101389819,-7.1412986646909395,9.16688515432562,1.5391201081681558,80.50267183938934,-4.450202120559926,0.25,0.4,0.55,12.0,1.2,9.048033582247367,1.8806048503372634
PP_BW0.25_AQ0.40_RP0.55_TK12_TS1.6,chase,0.019806921713576786,-0.010532208140388799,22,212.69835872516362,201.67147339516362,2.6611863477198145,64.6147101389819,-7.1412986646909395,9.16688515432562,1.5391201081681558,80.50267183938934,-4.450202120559926,0.25,0.4,0.55,12.0,1.6,9.048033582247367,1.8806048503372634
PP_BW0.25_AQ0.40_RP0.55_TK12_TS2.0,chase,0.019806921713576786,-0.010532208140388799,22,212.69835872516362,201.67147339516362,2.6611863477198145,64.6147101389819,-7.1412986646909395,9.16688515432562,1.5391201081681558,80.50267183938934,-4.450202120559926,0.25,0.4,0.55,12.0,2.0,9.048033582247367,1.8806048503372634
PP_BW0.25_AQ0.40_RP0.60_TK12_TS1.2,chase,0.019806921713576786,-0.010532208140388799,22,212.69835872516362,201.67147339516362,2.6611863477198145,64.6147101389819,-7.1412986646909395,9.16688515432562,1.5391201081681558,80.50267183938934,-4.450202120559926,0.25,0.4,0.6,12.0,1.2,9.048033582247367,1.8806048503372634
PP_BW0.25_AQ0.40_RP0.60_TK12_TS1.6,chase,0.019806921713576786,-0.010532208140388799,22,212.69835872516362,201.67147339516362,2.6611863477198145,64.6147101389819,-7.1412986646909395,9.16688515432562,1.5391201081681558,80.50267183938934,-4.450202120559926,0.25,0.4,0.6,12.0,1.6,9.048033582247367,1.8806048503372634
PP_BW0.25_AQ0.40_RP0.60_TK12_TS2.0,chase,0.019806921713576786,-0.010532208140388799,22,212.69835872516362,201.67147339516362,2.6611863477198145,64.6147101389819,-7.1412986646909395,9.16688515432562,1.5391201081681558,80.50267183938934,-4.450202120559926,0.25,0.4,0.6,12.0,2.0,9.048033582247367,1.8806048503372634
PP_BW0.25_AQ0.40_RP0.65_TK12_TS1.2,chase,0.019806921713576786,-0.010532208140388799,22,212.69835872516362,201.67147339516362,2.6611863477198145,64.6147101389819,-7.1412986646909395,9.16688515432562,1.5391201081681558,80.50267183938934,-4.450202120559926,0.25,0.4,0.65,12.0,1.2,9.048033582247367,1.8806048503372634
PP_BW0.25_AQ0.40_RP0.65_TK12_TS1.6,chase,0.019806921713576786,-0.010532208140388799,22,212.69835872516362,201.67147339516362,2.6611863477198145,64.6147101389819,-7.1412986646909395,9.16688515432562,1.5391201081681558,80.50267183938934,-4.450202120559926,0.25,0.4,0.65,12.0,1.6,9.048033582247367,1.8806048503372634
PP_BW0.25_AQ0.40_RP0.65_TK12_TS2.0,chase,0.019806921713576786,-0.010532208140388799,22,212.69835872516362,201.67147339516362,2.6611863477198145,64.6147101389819,-7.1412986646909395,9.16688515432562,1.5391201081681558,80.50267183938934,-4.450202120559926,0.25,0.4,0.65,12.0,2.0,9.048033582247367,1.8806048503372634
PP_BW0.30_AQ0.40_RP0.55_TK12_TS1.2,chase,0.01865542892556893,-0.01136753308562477,23,201.82326117630836,190.32932703130837,2.433804965507491,64.6147101389819,-7.374679092422288,8.275188131796016,1.4261381376344089,69.16052547553406,-4.4428060234768045,0.3,0.4,0.55,12.0,1.2,8.761697875826966,1.641114988190387
PP_BW0.30_AQ0.40_RP0.55_TK12_TS1.6,chase,0.01865542892556893,-0.01136753308562477,23,201.82326117630836,190.32932703130837,2.433804965507491,64.6147101389819,-7.374679092422288,8.275188131796016,1.4261381376344089,69.16052547553406,-4.4428060234768045,0.3,0.4,0.55,12.0,1.6,8.761697875826966,1.641114988190387
PP_BW0.30_AQ0.40_RP0.55_TK12_TS2.0,chase,0.01865542892556893,-0.01136753308562477,23,201.82326117630836,190.32932703130837,2.433804965507491,64.6147101389819,-7.374679092422288,8.275188131796016,1.4261381376344089,69.16052547553406,-4.4428060234768045,0.3,0.4,0.55,12.0,2.0,8.761697875826966,1.641114988190387
PP_BW0.30_AQ0.40_RP0.60_TK12_TS1.2,chase,0.01865542892556893,-0.01136753308562477,23,201.82326117630836,190.32932703130837,2.433804965507491,64.6147101389819,-7.374679092422288,8.275188131796016,1.4261381376344089,69.16052547553406,-4.4428060234768045,0.3,0.4,0.6,12.0,1.2,8.761697875826966,1.641114988190387
PP_BW0.30_AQ0.40_RP0.60_TK12_TS1.6,chase,0.01865542892556893,-0.01136753308562477,23,201.82326117630836,190.32932703130837,2.433804965507491,64.6147101389819,-7.374679092422288,8.275188131796016,1.4261381376344089,69.16052547553406,-4.4428060234768045,0.3,0.4,0.6,12.0,1.6,8.761697875826966,1.641114988190387
PP_BW0.30_AQ0.40_RP0.60_TK12_TS2.0,chase,0.01865542892556893,-0.01136753308562477,23,201.82326117630836,190.32932703130837,2.433804965507491,64.6147101389819,-7.374679092422288,8.275188131796016,1.4261381376344089,69.16052547553406,-4.4428060234768045,0.3,0.4,0.6,12.0,2.0,8.761697875826966,1.641114988190387
PP_BW0.30_AQ0.40_RP0.65_TK12_TS1.2,chase,0.01865542892556893,-0.01136753308562477,23,201.82326117630836,190.32932703130837,2.433804965507491,64.6147101389819,-7.374679092422288,8.275188131796016,1.4261381376344089,69.16052547553406,-4.4428060234768045,0.3,0.4,0.65,12.0,1.2,8.761697875826966,1.641114988190387
PP_BW0.30_AQ0.40_RP0.65_TK12_TS1.6,chase,0.01865542892556893,-0.01136753308562477,23,201.82326117630836,190.32932703130837,2.433804965507491,64.6147101389819,-7.374679092422288,8.275188131796016,1.4261381376344089,69.16052547553406,-4.4428060234768045,0.3,0.4,0.65,12.0,1.6,8.761697875826966,1.641114988190387
PP_BW0.30_AQ0.40_RP0.65_TK12_TS2.0,chase,0.01865542892556893,-0.01136753308562477,23,201.82326117630836,190.32932703130837,2.433804965507491,64.6147101389819,-7.374679092422288,8.275188131796016,1.4261381376344089,69.16052547553406,-4.4428060234768045,0.3,0.4,0.65,12.0,2.0,8.761697875826966,1.641114988190387
PP_BW0.20_AQ0.30_RP0.55_TK8_TS1.2,chase,0.01845371066095014,-0.009012141113073802,19,196.27714563234605,187.69097228234605,3.180137040015842,45.63038944158438,-6.62241264362771,9.878472225386634,1.7306541249268703,107.1354791451632,-2.571307021842555,0.2,0.3,0.55,8.0,1.2,6.8902969200343245,2.04764999009831
PP_BW0.20_AQ0.30_RP0.55_TK8_TS1.6,chase,0.01845371066095014,-0.009012141113073802,19,196.27714563234605,187.69097228234605,3.180137040015842,45.63038944158438,-6.62241264362771,9.878472225386634,1.7306541249268703,107.1354791451632,-2.571307021842555,0.2,0.3,0.55,8.0,1.6,6.8902969200343245,2.04764999009831
PP_BW0.20_AQ0.30_RP0.55_TK8_TS2.0,chase,0.01845371066095014,-0.009012141113073802,19,196.27714563234605,187.69097228234605,3.180137040015842,45.63038944158438,-6.62241264362771,9.878472225386634,1.7306541249268703,107.1354791451632,-2.571307021842555,0.2,0.3,0.55,8.0,2.0,6.8902969200343245,2.04764999009831
PP_BW0.20_AQ0.30_RP0.60_TK8_TS1.2,chase,0.01845371066095014,-0.009012141113073802,19,196.27714563234605,187.69097228234605,3.180137040015842,45.63038944158438,-6.62241264362771,9.878472225386634,1.7306541249268703,107.1354791451632,-2.571307021842555,0.2,0.3,0.6,8.0,1.2,6.8902969200343245,2.04764999009831
PP_BW0.20_AQ0.30_RP0.60_TK8_TS1.6,chase,0.01845371066095014,-0.009012141113073802,19,196.27714563234605,187.69097228234605,3.180137040015842,45.63038944158438,-6.62241264362771,9.878472225386634,1.7306541249268703,107.1354791451632,-2.571307021842555,0.2,0.3,0.6,8.0,1.6,6.8902969200343245,2.04764999009831
PP_BW0.20_AQ0.30_RP0.60_TK8_TS2.0,chase,0.01845371066095014,-0.009012141113073802,19,196.27714563234605,187.69097228234605,3.180137040015842,45.63038944158438,-6.62241264362771,9.878472225386634,1.7306541249268703,107.1354791451632,-2.571307021842555,0.2,0.3,0.6,8.0,2.0,6.8902969200343245,2.04764999009831
PP_BW0.20_AQ0.30_RP0.65_TK8_TS1.2,chase,0.01845371066095014,-0.009012141113073802,19,196.27714563234605,187.69097228234605,3.180137040015842,45.63038944158438,-6.62241264362771,9.878472225386634,1.7306541249268703,107.1354791451632,-2.571307021842555,0.2,0.3,0.65,8.0,1.2,6.8902969200343245,2.04764999009831
PP_BW0.20_AQ0.30_RP0.65_TK8_TS1.6,chase,0.01845371066095014,-0.009012141113073802,19,196.27714563234605,187.69097228234605,3.180137040015842,45.63038944158438,-6.62241264362771,9.878472225386634,1.7306541249268703,107.1354791451632,-2.571307021842555,0.2,0.3,0.65,8.0,1.6,6.8902969200343245,2.04764999009831
PP_BW0.20_AQ0.30_RP0.65_TK8_TS2.0,chase,0.01845371066095014,-0.009012141113073802,19,196.27714563234605,187.69097228234605,3.180137040015842,45.63038944158438,-6.62241264362771,9.878472225386634,1.7306541249268703,107.1354791451632,-2.571307021842555,0.2,0.3,0.65,8.0,2.0,6.8902969200343245,2.04764999009831
PP_BW0.20_AQ0.35_RP0.55_TK8_TS1.2,chase,0.01845371066095014,-0.009012141113073802,19,196.27714563234605,187.69097228234605,3.180137040015842,45.63038944158438,-6.62241264362771,9.878472225386634,1.7306541249268703,107.1354791451632,-2.571307021842555,0.2,0.35,0.55,8.0,1.2,6.8902969200343245,2.04764999009831
PP_BW0.20_AQ0.35_RP0.55_TK8_TS1.6,chase,0.01845371066095014,-0.009012141113073802,19,196.27714563234605,187.69097228234605,3.180137040015842,45.63038944158438,-6.62241264362771,9.878472225386634,1.7306541249268703,107.1354791451632,-2.571307021842555,0.2,0.35,0.55,8.0,1.6,6.8902969200343245,2.04764999009831
PP_BW0.20_AQ0.35_RP0.55_TK8_TS2.0,chase,0.01845371066095014,-0.009012141113073802,19,196.27714563234605,187.69097228234605,3.180137040015842,45.63038944158438,-6.62241264362771,9.878472225386634,1.7306541249268703,107.1354791451632,-2.571307021842555,0.2,0.35,0.55,8.0,2.0,6.8902969200343245,2.04764999009831
PP_BW0.20_AQ0.35_RP0.60_TK8_TS1.2,chase,0.01845371066095014,-0.009012141113073802,19,196.27714563234605,187.69097228234605,3.180137040015842,45.63038944158438,-6.62241264362771,9.878472225386634,1.7306541249268703,107.1354791451632,-2.571307021842555,0.2,0.35,0.6,8.0,1.2,6.8902969200343245,2.04764999009831
PP_BW0.20_AQ0.35_RP0.60_TK8_TS1.6,chase,0.01845371066095014,-0.009012141113073802,19,196.27714563234605,187.69097228234605,3.180137040015842,45.63038944158438,-6.62241264362771,9.878472225386634,1.7306541249268703,107.1354791451632,-2.571307021842555,0.2,0.35,0.6,8.0,1.6,6.8902969200343245,2.04764999009831
PP_BW0.20_AQ0.35_RP0.60_TK8_TS2.0,chase,0.01845371066095014,-0.009012141113073802,19,196.27714563234605,187.69097228234605,3.180137040015842,45.63038944158438,-6.62241264362771,9.878472225386634,1.7306541249268703,107.1354791451632,-2.571307021842555,0.2,0.35,0.6,8.0,2.0,6.8902969200343245,2.04764999009831
PP_BW0.20_AQ0.35_RP0.65_TK8_TS1.2,chase,0.01845371066095014,-0.009012141113073802,19,196.27714563234605,187.69097228234605,3.180137040015842,45.63038944158438,-6.62241264362771,9.878472225386634,1.7306541249268703,107.1354791451632,-2.571307021842555,0.2,0.35,0.65,8.0,1.2,6.8902969200343245,2.04764999009831
PP_BW0.20_AQ0.35_RP0.65_TK8_TS1.6,chase,0.01845371066095014,-0.009012141113073802,19,196.27714563234605,187.69097228234605,3.180137040015842,45.63038944158438,-6.62241264362771,9.878472225386634,1.7306541249268703,107.1354791451632,-2.571307021842555,0.2,0.35,0.65,8.0,1.6,6.8902969200343245,2.04764999009831
PP_BW0.20_AQ0.35_RP0.65_TK8_TS2.0,chase,0.01845371066095014,-0.009012141113073802,19,196.27714563234605,187.69097228234605,3.180137040015842,45.63038944158438,-6.62241264362771,9.878472225386634,1.7306541249268703,107.1354791451632,-2.571307021842555,0.2,0.35,0.65,8.0,2.0,6.8902969200343245,2.04764999009831
PP_BW0.20_AQ0.30_RP0.55_TK10_TS1.2,chase,0.01804442402113171,-0.009031426435612944,19,193.56588735503504,183.59675025503506,3.023103470663992,54.869360954283025,-6.482146751170006,9.66298685552816,1.529441027027381,82.74648178355653,-2.7360851133943327,0.2,0.3,0.55,10.0,1.2,8.464689717859178,1.9979594751476348
PP_BW0.20_AQ0.30_RP0.55_TK10_TS1.6,chase,0.01804442402113171,-0.009031426435612944,19,193.56588735503504,183.59675025503506,3.023103470663992,54.869360954283025,-6.482146751170006,9.66298685552816,1.529441027027381,82.74648178355653,-2.7360851133943327,0.2,0.3,0.55,10.0,1.6,8.464689717859178,1.9979594751476348
PP_BW0.20_AQ0.30_RP0.55_TK10_TS2.0,chase,0.01804442402113171,-0.009031426435612944,19,193.56588735503504,183.59675025503506,3.023103470663992,54.869360954283025,-6.482146751170006,9.66298685552816,1.529441027027381,82.74648178355653,-2.7360851133943327,0.2,0.3,0.55,10.0,2.0,8.464689717859178,1.9979594751476348
PP_BW0.20_AQ0.30_RP0.60_TK10_TS1.2,chase,0.01804442402113171,-0.009031426435612944,19,193.56588735503504,183.59675025503506,3.023103470663992,54.869360954283025,-6.482146751170006,9.66298685552816,1.529441027027381,82.74648178355653,-2.7360851133943327,0.2,0.3,0.6,10.0,1.2,8.464689717859178,1.9979594751476348
PP_BW0.20_AQ0.30_RP0.60_TK10_TS1.6,chase,0.01804442402113171,-0.009031426435612944,19,193.56588735503504,183.59675025503506,3.023103470663992,54.869360954283025,-6.482146751170006,9.66298685552816,1.529441027027381,82.74648178355653,-2.7360851133943327,0.2,0.3,0.6,10.0,1.6,8.464689717859178,1.9979594751476348
PP_BW0.20_AQ0.30_RP0.60_TK10_TS2.0,chase,0.01804442402113171,-0.009031426435612944,19,193.56588735503504,183.59675025503506,3.023103470663992,54.869360954283025,-6.482146751170006,9.66298685552816,1.529441027027381,82.74648178355653,-2.7360851133943327,0.2,0.3,0.6,10.0,2.0,8.464689717859178,1.9979594751476348
PP_BW0.20_AQ0.30_RP0.65_TK10_TS1.2,chase,0.01804442402113171,-0.009031426435612944,19,193.56588735503504,183.59675025503506,3.023103470663992,54.869360954283025,-6.482146751170006,9.66298685552816,1.529441027027381,82.74648178355653,-2.7360851133943327,0.2,0.3,0.65,10.0,1.2,8.464689717859178,1.9979594751476348
PP_BW0.20_AQ0.30_RP0.65_TK10_TS1.6,chase,0.01804442402113171,-0.009031426435612944,19,193.56588735503504,183.59675025503506,3.023103470663992,54.869360954283025,-6.482146751170006,9.66298685552816,1.529441027027381,82.74648178355653,-2.7360851133943327,0.2,0.3,0.65,10.0,1.6,8.464689717859178,1.9979594751476348
PP_BW0.20_AQ0.30_RP0.65_TK10_TS2.0,chase,0.01804442402113171,-0.009031426435612944,19,193.56588735503504,183.59675025503506,3.023103470663992,54.869360954283025,-6.482146751170006,9.66298685552816,1.529441027027381,82.74648178355653,-2.7360851133943327,0.2,0.3,0.65,10.0,2.0,8.464689717859178,1.9979594751476348
PP_BW0.20_AQ0.35_RP0.55_TK10_TS1.2,chase,0.01804442402113171,-0.009031426435612944,19,193.56588735503504,183.59675025503506,3.023103470663992,54.869360954283025,-6.482146751170006,9.66298685552816,1.529441027027381,82.74648178355653,-2.7360851133943327,0.2,0.35,0.55,10.0,1.2,8.464689717859178,1.9979594751476348
PP_BW0.20_AQ0.35_RP0.55_TK10_TS1.6,chase,0.01804442402113171,-0.009031426435612944,19,193.56588735503504,183.59675025503506,3.023103470663992,54.869360954283025,-6.482146751170006,9.66298685552816,1.529441027027381,82.74648178355653,-2.7360851133943327,0.2,0.35,0.55,10.0,1.6,8.464689717859178,1.9979594751476348
PP_BW0.20_AQ0.35_RP0.55_TK10_TS2.0,chase,0.01804442402113171,-0.009031426435612944,19,193.56588735503504,183.59675025503506,3.023103470663992,54.869360954283025,-6.482146751170006,9.66298685552816,1.529441027027381,82.74648178355653,-2.7360851133943327,0.2,0.35,0.55,10.0,2.0,8.464689717859178,1.9979594751476348
PP_BW0.20_AQ0.35_RP0.60_TK10_TS1.2,chase,0.01804442402113171,-0.009031426435612944,19,193.56588735503504,183.59675025503506,3.023103470663992,54.869360954283025,-6.482146751170006,9.66298685552816,1.529441027027381,82.74648178355653,-2.7360851133943327,0.2,0.35,0.6,10.0,1.2,8.464689717859178,1.9979594751476348
PP_BW0.20_AQ0.35_RP0.60_TK10_TS1.6,chase,0.01804442402113171,-0.009031426435612944,19,193.56588735503504,183.59675025503506,3.023103470663992,54.869360954283025,-6.482146751170006,9.66298685552816,1.529441027027381,82.74648178355653,-2.7360851133943327,0.2,0.35,0.6,10.0,1.6,8.464689717859178,1.9979594751476348
PP_BW0.20_AQ0.35_RP0.60_TK10_TS2.0,chase,0.01804442402113171,-0.009031426435612944,19,193.56588735503504,183.59675025503506,3.023103470663992,54.869360954283025,-6.482146751170006,9.66298685552816,1.529441027027381,82.74648178355653,-2.7360851133943327,0.2,0.35,0.6,10.0,2.0,8.464689717859178,1.9979594751476348
PP_BW0.20_AQ0.35_RP0.65_TK10_TS1.2,chase,0.01804442402113171,-0.009031426435612944,19,193.56588735503504,183.59675025503506,3.023103470663992,54.869360954283025,-6.482146751170006,9.66298685552816,1.529441027027381,82.74648178355653,-2.7360851133943327,0.2,0.35,0.65,10.0,1.2,8.464689717859178,1.9979594751476348
PP_BW0.20_AQ0.35_RP0.65_TK10_TS1.6,chase,0.01804442402113171,-0.009031426435612944,19,193.56588735503504,183.59675025503506,3.023103470663992,54.869360954283025,-6.482146751170006,9.66298685552816,1.529441027027381,82.74648178355653,-2.7360851133943327,0.2,0.35,0.65,10.0,1.6,8.464689717859178,1.9979594751476348
PP_BW0.20_AQ0.35_RP0.65_TK10_TS2.0,chase,0.01804442402113171,-0.009031426435612944,19,193.56588735503504,183.59675025503506,3.023103470663992,54.869360954283025,-6.482146751170006,9.66298685552816,1.529441027027381,82.74648178355653,-2.7360851133943327,0.2,0.35,0.65,10.0,2.0,8.464689717859178,1.9979594751476348
PP_BW0.20_AQ0.40_RP0.55_TK8_TS1.2,chase,0.017841030111884315,-0.009012141113073802,20,190.34900831302824,181.64998709302824,2.971620044072305,45.63038944158438,-6.580882111177003,9.082499354651413,1.5924207872139142,101.0944939558454,-2.6394357047728745,0.2,0.4,0.55,8.0,1.2,6.933780102835378,1.9796660846779854
PP_BW0.20_AQ0.40_RP0.55_TK8_TS1.6,chase,0.017841030111884315,-0.009012141113073802,20,190.34900831302824,181.64998709302824,2.971620044072305,45.63038944158438,-6.580882111177003,9.082499354651413,1.5924207872139142,101.0944939558454,-2.6394357047728745,0.2,0.4,0.55,8.0,1.6,6.933780102835378,1.9796660846779854
PP_BW0.20_AQ0.40_RP0.55_TK8_TS2.0,chase,0.017841030111884315,-0.009012141113073802,20,190.34900831302824,181.64998709302824,2.971620044072305,45.63038944158438,-6.580882111177003,9.082499354651413,1.5924207872139142,101.0944939558454,-2.6394357047728745,0.2,0.4,0.55,8.0,2.0,6.933780102835378,1.9796660846779854
PP_BW0.20_AQ0.40_RP0.60_TK8_TS1.2,chase,0.017841030111884315,-0.009012141113073802,20,190.34900831302824,181.64998709302824,2.971620044072305,45.63038944158438,-6.580882111177003,9.082499354651413,1.5924207872139142,101.0944939558454,-2.6394357047728745,0.2,0.4,0.6,8.0,1.2,6.933780102835378,1.9796660846779854
PP_BW0.20_AQ0.40_RP0.60_TK8_TS1.6,chase,0.017841030111884315,-0.009012141113073802,20,190.34900831302824,181.64998709302824,2.971620044072305,45.63038944158438,-6.580882111177003,9.082499354651413,1.5924207872139142,101.0944939558454,-2.6394357047728745,0.2,0.4,0.6,8.0,1.6,6.933780102835378,1.9796660846779854
PP_BW0.20_AQ0.40_RP0.60_TK8_TS2.0,chase,0.017841030111884315,-0.009012141113073802,20,190.34900831302824,181.64998709302824,2.971620044072305,45.63038944158438,-6.580882111177003,9.082499354651413,1.5924207872139142,101.0944939558454,-2.6394357047728745,0.2,0.4,0.6,8.0,2.0,6.933780102835378,1.9796660846779854
PP_BW0.20_AQ0.40_RP0.65_TK8_TS1.2,chase,0.017841030111884315,-0.009012141113073802,20,190.34900831302824,181.64998709302824,2.971620044072305,45.63038944158438,-6.580882111177003,9.082499354651413,1.5924207872139142,101.0944939558454,-2.6394357047728745,0.2,0.4,0.65,8.0,1.2,6.933780102835378,1.9796660846779854
PP_BW0.20_AQ0.40_RP0.65_TK8_TS1.6,chase,0.017841030111884315,-0.009012141113073802,20,190.34900831302824,181.64998709302824,2.971620044072305,45.63038944158438,-6.580882111177003,9.082499354651413,1.5924207872139142,101.0944939558454,-2.6394357047728745,0.2,0.4,0.65,8.0,1.6,6.933780102835378,1.9796660846779854
PP_BW0.20_AQ0.40_RP0.65_TK8_TS2.0,chase,0.017841030111884315,-0.009012141113073802,20,190.34900831302824,181.64998709302824,2.971620044072305,45.63038944158438,-6.580882111177003,9.082499354651413,1.5924207872139142,101.0944939558454,-2.6394357047728745,0.2,0.4,0.65,8.0,2.0,6.933780102835378,1.9796660846779854
PP_BW0.20_AQ0.40_RP0.55_TK10_TS1.2,chase,0.017431743472066108,-0.009031426435612944,20,187.63775003571723,177.55576506571725,2.834423574801882,54.869360954283025,-6.45273598037986,8.877788253285862,1.4012683442093994,76.70549659423872,-2.7959748917470635,0.2,0.4,0.55,10.0,1.2,8.503270724405645,1.9301207396573399
PP_BW0.20_AQ0.40_RP0.55_TK10_TS1.6,chase,0.017431743472066108,-0.009031426435612944,20,187.63775003571723,177.55576506571725,2.834423574801882,54.869360954283025,-6.45273598037986,8.877788253285862,1.4012683442093994,76.70549659423872,-2.7959748917470635,0.2,0.4,0.55,10.0,1.6,8.503270724405645,1.9301207396573399
PP_BW0.20_AQ0.40_RP0.55_TK10_TS2.0,chase,0.017431743472066108,-0.009031426435612944,20,187.63775003571723,177.55576506571725,2.834423574801882,54.869360954283025,-6.45273598037986,8.877788253285862,1.4012683442093994,76.70549659423872,-2.7959748917470635,0.2,0.4,0.55,10.0,2.0,8.503270724405645,1.9301207396573399
PP_BW0.20_AQ0.40_RP0.60_TK10_TS1.2,chase,0.017431743472066108,-0.009031426435612944,20,187.63775003571723,177.55576506571725,2.834423574801882,54.869360954283025,-6.45273598037986,8.877788253285862,1.4012683442093994,76.70549659423872,-2.7959748917470635,0.2,0.4,0.6,10.0,1.2,8.503270724405645,1.9301207396573399
PP_BW0.20_AQ0.40_RP0.60_TK10_TS1.6,chase,0.017431743472066108,-0.009031426435612944,20,187.63775003571723,177.55576506571725,2.834423574801882,54.869360954283025,-6.45273598037986,8.877788253285862,1.4012683442093994,76.70549659423872,-2.7959748917470635,0.2,0.4,0.6,10.0,1.6,8.503270724405645,1.9301207396573399
PP_BW0.20_AQ0.40_RP0.60_TK10_TS2.0,chase,0.017431743472066108,-0.009031426435612944,20,187.63775003571723,177.55576506571725,2.834423574801882,54.869360954283025,-6.45273598037986,8.877788253285862,1.4012683442093994,76.70549659423872,-2.7959748917470635,0.2,0.4,0.6,10.0,2.0,8.503270724405645,1.9301207396573399
PP_BW0.20_AQ0.40_RP0.65_TK10_TS1.2,chase,0.017431743472066108,-0.009031426435612944,20,187.63775003571723,177.55576506571725,2.834423574801882,54.869360954283025,-6.45273598037986,8.877788253285862,1.4012683442093994,76.70549659423872,-2.7959748917470635,0.2,0.4,0.65,10.0,1.2,8.503270724405645,1.9301207396573399
PP_BW0.20_AQ0.40_RP0.65_TK10_TS1.6,chase,0.017431743472066108,-0.009031426435612944,20,187.63775003571723,177.55576506571725,2.834423574801882,54.869360954283025,-6.45273598037986,8.877788253285862,1.4012683442093994,76.70549659423872,-2.7959748917470635,0.2,0.4,0.65,10.0,1.6,8.503270724405645,1.9301207396573399
PP_BW0.20_AQ0.40_RP0.65_TK10_TS2.0,chase,0.017431743472066108,-0.009031426435612944,20,187.63775003571723,177.55576506571725,2.834423574801882,54.869360954283025,-6.45273598037986,8.877788253285862,1.4012683442093994,76.70549659423872,-2.7959748917470635,0.2,0.4,0.65,10.0,2.0,8.503270724405645,1.9301207396573399
PP_BW0.25_AQ0.30_RP0.55_TK8_TS1.2,chase,0.016546384269733094,-0.009012141113073802,21,178.24272266869582,168.99604473869582,2.6127686327762976,45.63038944158438,-6.985752794054031,8.047430701842657,1.464952616848259,88.44055160151296,-2.5307547795391963,0.25,0.3,0.55,8.0,1.2,6.531921581940743,1.836010340065521
PP_BW0.25_AQ0.30_RP0.55_TK8_TS1.6,chase,0.016546384269733094,-0.009012141113073802,21,178.24272266869582,168.99604473869582,2.6127686327762976,45.63038944158438,-6.985752794054031,8.047430701842657,1.464952616848259,88.44055160151296,-2.5307547795391963,0.25,0.3,0.55,8.0,1.6,6.531921581940743,1.836010340065521
PP_BW0.25_AQ0.30_RP0.55_TK8_TS2.0,chase,0.016546384269733094,-0.009012141113073802,21,178.24272266869582,168.99604473869582,2.6127686327762976,45.63038944158438,-6.985752794054031,8.047430701842657,1.464952616848259,88.44055160151296,-2.5307547795391963,0.25,0.3,0.55,8.0,2.0,6.531921581940743,1.836010340065521
PP_BW0.25_AQ0.30_RP0.60_TK8_TS1.2,chase,0.016546384269733094,-0.009012141113073802,21,178.24272266869582,168.99604473869582,2.6127686327762976,45.63038944158438,-6.985752794054031,8.047430701842657,1.464952616848259,88.44055160151296,-2.5307547795391963,0.25,0.3,0.6,8.0,1.2,6.531921581940743,1.836010340065521
PP_BW0.25_AQ0.30_RP0.60_TK8_TS1.6,chase,0.016546384269733094,-0.009012141113073802,21,178.24272266869582,168.99604473869582,2.6127686327762976,45.63038944158438,-6.985752794054031,8.047430701842657,1.464952616848259,88.44055160151296,-2.5307547795391963,0.25,0.3,0.6,8.0,1.6,6.531921581940743,1.836010340065521
PP_BW0.25_AQ0.30_RP0.60_TK8_TS2.0,chase,0.016546384269733094,-0.009012141113073802,21,178.24272266869582,168.99604473869582,2.6127686327762976,45.63038944158438,-6.985752794054031,8.047430701842657,1.464952616848259,88.44055160151296,-2.5307547795391963,0.25,0.3,0.6,8.0,2.0,6.531921581940743,1.836010340065521
PP_BW0.25_AQ0.30_RP0.65_TK8_TS1.2,chase,0.016546384269733094,-0.009012141113073802,21,178.24272266869582,168.99604473869582,2.6127686327762976,45.63038944158438,-6.985752794054031,8.047430701842657,1.464952616848259,88.44055160151296,-2.5307547795391963,0.25,0.3,0.65,8.0,1.2,6.531921581940743,1.836010340065521
PP_BW0.25_AQ0.30_RP0.65_TK8_TS1.6,chase,0.016546384269733094,-0.009012141113073802,21,178.24272266869582,168.99604473869582,2.6127686327762976,45.63038944158438,-6.985752794054031,8.047430701842657,1.464952616848259,88.44055160151296,-2.5307547795391963,0.25,0.3,0.65,8.0,1.6,6.531921581940743,1.836010340065521
PP_BW0.25_AQ0.30_RP0.65_TK8_TS2.0,chase,0.016546384269733094,-0.009012141113073802,21,178.24272266869582,168.99604473869582,2.6127686327762976,45.63038944158438,-6.985752794054031,8.047430701842657,1.464952616848259,88.44055160151296,-2.5307547795391963,0.25,0.3,0.65,8.0,2.0,6.531921581940743,1.836010340065521
PP_BW0.25_AQ0.30_RP0.55_TK10_TS1.2,chase,0.016137097629914665,-0.009031426435612944,21,175.53146439138482,164.90182271138482,2.5067097605346267,54.869360954283025,-6.840311378751895,7.852467748161182,1.2829026711296727,64.0515542399063,-2.6798397195146144,0.25,0.3,0.55,10.0,1.2,8.021471233710805,1.7867717513905073
PP_BW0.25_AQ0.30_RP0.55_TK10_TS1.6,chase,0.016137097629914665,-0.009031426435612944,21,175.53146439138482,164.90182271138482,2.5067097605346267,54.869360954283025,-6.840311378751895,7.852467748161182,1.2829026711296727,64.0515542399063,-2.6798397195146144,0.25,0.3,0.55,10.0,1.6,8.021471233710805,1.7867717513905073
PP_BW0.25_AQ0.30_RP0.55_TK10_TS2.0,chase,0.016137097629914665,-0.009031426435612944,21,175.53146439138482,164.90182271138482,2.5067097605346267,54.869360954283025,-6.840311378751895,7.852467748161182,1.2829026711296727,64.0515542399063,-2.6798397195146144,0.25,0.3,0.55,10.0,2.0,8.021471233710805,1.7867717513905073
PP_BW0.25_AQ0.30_RP0.60_TK10_TS1.2,chase,0.016137097629914665,-0.009031426435612944,21,175.53146439138482,164.90182271138482,2.5067097605346267,54.869360954283025,-6.840311378751895,7.852467748161182,1.2829026711296727,64.0515542399063,-2.6798397195146144,0.25,0.3,0.6,10.0,1.2,8.021471233710805,1.7867717513905073
PP_BW0.25_AQ0.30_RP0.60_TK10_TS1.6,chase,0.016137097629914665,-0.009031426435612944,21,175.53146439138482,164.90182271138482,2.5067097605346267,54.869360954283025,-6.840311378751895,7.852467748161182,1.2829026711296727,64.0515542399063,-2.6798397195146144,0.25,0.3,0.6,10.0,1.6,8.021471233710805,1.7867717513905073
PP_BW0.25_AQ0.30_RP0.60_TK10_TS2.0,chase,0.016137097629914665,-0.009031426435612944,21,175.53146439138482,164.90182271138482,2.5067097605346267,54.869360954283025,-6.840311378751895,7.852467748161182,1.2829026711296727,64.0515542399063,-2.6798397195146144,0.25,0.3,0.6,10.0,2.0,8.021471233710805,1.7867717513905073
PP_BW0.25_AQ0.30_RP0.65_TK10_TS1.2,chase,0.016137097629914665,-0.009031426435612944,21,175.53146439138482,164.90182271138482,2.5067097605346267,54.869360954283025,-6.840311378751895,7.852467748161182,1.2829026711296727,64.0515542399063,-2.6798397195146144,0.25,0.3,0.65,10.0,1.2,8.021471233710805,1.7867717513905073
PP_BW0.25_AQ0.30_RP0.65_TK10_TS1.6,chase,0.016137097629914665,-0.009031426435612944,21,175.53146439138482,164.90182271138482,2.5067097605346267,54.869360954283025,-6.840311378751895,7.852467748161182,1.2829026711296727,64.0515542399063,-2.6798397195146144,0.25,0.3,0.65,10.0,1.6,8.021471233710805,1.7867717513905073
PP_BW0.25_AQ0.30_RP0.65_TK10_TS2.0,chase,0.016137097629914665,-0.009031426435612944,21,175.53146439138482,164.90182271138482,2.5067097605346267,54.869360954283025,-6.840311378751895,7.852467748161182,1.2829026711296727,64.0515542399063,-2.6798397195146144,0.25,0.3,0.65,10.0,2.0,8.021471233710805,1.7867717513905073
PP_BW0.25_AQ0.35_RP0.55_TK8_TS1.2,chase,0.014979784871062218,-0.010541574604067794,22,163.01038117123932,153.53520091123934,2.2768304206881735,45.63038944158438,-7.515445983641685,6.978872768692697,1.3515972760726636,72.97970777405646,-4.656182193955383,0.25,0.35,0.55,8.0,1.2,6.071547788501796,1.4210196705605824
PP_BW0.25_AQ0.35_RP0.55_TK8_TS1.6,chase,0.014979784871062218,-0.010541574604067794,22,163.01038117123932,153.53520091123934,2.2768304206881735,45.63038944158438,-7.515445983641685,6.978872768692697,1.3515972760726636,72.97970777405646,-4.656182193955383,0.25,0.35,0.55,8.0,1.6,6.071547788501796,1.4210196705605824
PP_BW0.25_AQ0.35_RP0.55_TK8_TS2.0,chase,0.014979784871062218,-0.010541574604067794,22,163.01038117123932,153.53520091123934,2.2768304206881735,45.63038944158438,-7.515445983641685,6.978872768692697,1.3515972760726636,72.97970777405646,-4.656182193955383,0.25,0.35,0.55,8.0,2.0,6.071547788501796,1.4210196705605824
PP_BW0.25_AQ0.35_RP0.60_TK8_TS1.2,chase,0.014979784871062218,-0.010541574604067794,22,163.01038117123932,153.53520091123934,2.2768304206881735,45.63038944158438,-7.515445983641685,6.978872768692697,1.3515972760726636,72.97970777405646,-4.656182193955383,0.25,0.35,0.6,8.0,1.2,6.071547788501796,1.4210196705605824
PP_BW0.25_AQ0.35_RP0.60_TK8_TS1.6,chase,0.014979784871062218,-0.010541574604067794,22,163.01038117123932,153.53520091123934,2.2768304206881735,45.63038944158438,-7.515445983641685,6.978872768692697,1.3515972760726636,72.97970777405646,-4.656182193955383,0.25,0.35,0.6,8.0,1.6,6.071547788501796,1.4210196705605824
PP_BW0.25_AQ0.35_RP0.60_TK8_TS2.0,chase,0.014979784871062218,-0.010541574604067794,22,163.01038117123932,153.53520091123934,2.2768304206881735,45.63038944158438,-7.515445983641685,6.978872768692697,1.3515972760726636,72.97970777405646,-4.656182193955383,0.25,0.35,0.6,8.0,2.0,6.071547788501796,1.4210196705605824
PP_BW0.25_AQ0.35_RP0.65_TK8_TS1.2,chase,0.014979784871062218,-0.010541574604067794,22,163.01038117123932,153.53520091123934,2.2768304206881735,45.63038944158438,-7.515445983641685,6.978872768692697,1.3515972760726636,72.97970777405646,-4.656182193955383,0.25,0.35,0.65,8.0,1.2,6.071547788501796,1.4210196705605824
PP_BW0.25_AQ0.35_RP0.65_TK8_TS1.6,chase,0.014979784871062218,-0.010541574604067794,22,163.01038117123932,153.53520091123934,2.2768304206881735,45.63038944158438,-7.515445983641685,6.978872768692697,1.3515972760726636,72.97970777405646,-4.656182193955383,0.25,0.35,0.65,8.0,1.6,6.071547788501796,1.4210196705605824
PP_BW0.25_AQ0.35_RP0.65_TK8_TS2.0,chase,0.014979784871062218,-0.010541574604067794,22,163.01038117123932,153.53520091123934,2.2768304206881735,45.63038944158438,-7.515445983641685,6.978872768692697,1.3515972760726636,72.97970777405646,-4.656182193955383,0.25,0.35,0.65,8.0,2.0,6.071547788501796,1.4210196705605824
PP_BW0.30_AQ0.30_RP0.55_TK8_TS1.2,chase,0.014979784871062218,-0.010541574604067794,22,163.01038117123932,153.53520091123934,2.2768304206881735,45.63038944158438,-7.515445983641685,6.978872768692697,1.3515972760726636,72.97970777405646,-4.656182193955383,0.3,0.3,0.55,8.0,1.2,6.071547788501796,1.4210196705605824
PP_BW0.30_AQ0.30_RP0.55_TK8_TS1.6,chase,0.014979784871062218,-0.010541574604067794,22,163.01038117123932,153.53520091123934,2.2768304206881735,45.63038944158438,-7.515445983641685,6.978872768692697,1.3515972760726636,72.97970777405646,-4.656182193955383,0.3,0.3,0.55,8.0,1.6,6.071547788501796,1.4210196705605824
PP_BW0.30_AQ0.30_RP0.55_TK8_TS2.0,chase,0.014979784871062218,-0.010541574604067794,22,163.01038117123932,153.53520091123934,2.2768304206881735,45.63038944158438,-7.515445983641685,6.978872768692697,1.3515972760726636,72.97970777405646,-4.656182193955383,0.3,0.3,0.55,8.0,2.0,6.071547788501796,1.4210196705605824
PP_BW0.30_AQ0.30_RP0.60_TK8_TS1.2,chase,0.014979784871062218,-0.010541574604067794,22,163.01038117123932,153.53520091123934,2.2768304206881735,45.63038944158438,-7.515445983641685,6.978872768692697,1.3515972760726636,72.97970777405646,-4.656182193955383,0.3,0.3,0.6,8.0,1.2,6.071547788501796,1.4210196705605824
PP_BW0.30_AQ0.30_RP0.60_TK8_TS1.6,chase,0.014979784871062218,-0.010541574604067794,22,163.01038117123932,153.53520091123934,2.2768304206881735,45.63038944158438,-7.515445983641685,6.978872768692697,1.3515972760726636,72.97970777405646,-4.656182193955383,0.3,0.3,0.6,8.0,1.6,6.071547788501796,1.4210196705605824
PP_BW0.30_AQ0.30_RP0.60_TK8_TS2.0,chase,0.014979784871062218,-0.010541574604067794,22,163.01038117123932,153.53520091123934,2.2768304206881735,45.63038944158438,-7.515445983641685,6.978872768692697,1.3515972760726636,72.97970777405646,-4.656182193955383,0.3,0.3,0.6,8.0,2.0,6.071547788501796,1.4210196705605824
PP_BW0.30_AQ0.30_RP0.65_TK8_TS1.2,chase,0.014979784871062218,-0.010541574604067794,22,163.01038117123932,153.53520091123934,2.2768304206881735,45.63038944158438,-7.515445983641685,6.978872768692697,1.3515972760726636,72.97970777405646,-4.656182193955383,0.3,0.3,0.65,8.0,1.2,6.071547788501796,1.4210196705605824
PP_BW0.30_AQ0.30_RP0.65_TK8_TS1.6,chase,0.014979784871062218,-0.010541574604067794,22,163.01038117123932,153.53520091123934,2.2768304206881735,45.63038944158438,-7.515445983641685,6.978872768692697,1.3515972760726636,72.97970777405646,-4.656182193955383,0.3,0.3,0.65,8.0,1.6,6.071547788501796,1.4210196705605824
PP_BW0.30_AQ0.30_RP0.65_TK8_TS2.0,chase,0.014979784871062218,-0.010541574604067794,22,163.01038117123932,153.53520091123934,2.2768304206881735,45.63038944158438,-7.515445983641685,6.978872768692697,1.3515972760726636,72.97970777405646,-4.656182193955383,0.3,0.3,0.65,8.0,2.0,6.071547788501796,1.4210196705605824
PP_BW0.30_AQ0.35_RP0.55_TK8_TS1.2,chase,0.014681283488200192,-0.010544647522659378,22,160.27725824115402,150.54252737615403,2.221541385561892,45.63038944158438,-7.702488079584516,6.842842153461547,1.351109703310921,69.98703423897115,-4.616139268565821,0.3,0.35,0.55,8.0,1.2,5.9241103614983786,1.3922972253602222
PP_BW0.30_AQ0.35_RP0.55_TK8_TS1.6,chase,0.014681283488200192,-0.010544647522659378,22,160.27725824115402,150.54252737615403,2.221541385561892,45.63038944158438,-7.702488079584516,6.842842153461547,1.351109703310921,69.98703423897115,-4.616139268565821,0.3,0.35,0.55,8.0,1.6,5.9241103614983786,1.3922972253602222
PP_BW0.30_AQ0.35_RP0.55_TK8_TS2.0,chase,0.014681283488200192,-0.010544647522659378,22,160.27725824115402,150.54252737615403,2.221541385561892,45.63038944158438,-7.702488079584516,6.842842153461547,1.351109703310921,69.98703423897115,-4.616139268565821,0.3,0.35,0.55,8.0,2.0,5.9241103614983786,1.3922972253602222
PP_BW0.30_AQ0.35_RP0.60_TK8_TS1.2,chase,0.014681283488200192,-0.010544647522659378,22,160.27725824115402,150.54252737615403,2.221541385561892,45.63038944158438,-7.702488079584516,6.842842153461547,1.351109703310921,69.98703423897115,-4.616139268565821,0.3,0.35,0.6,8.0,1.2,5.9241103614983786,1.3922972253602222
PP_BW0.30_AQ0.35_RP0.60_TK8_TS1.6,chase,0.014681283488200192,-0.010544647522659378,22,160.27725824115402,150.54252737615403,2.221541385561892,45.63038944158438,-7.702488079584516,6.842842153461547,1.351109703310921,69.98703423897115,-4.616139268565821,0.3,0.35,0.6,8.0,1.6,5.9241103614983786,1.3922972253602222
PP_BW0.30_AQ0.35_RP0.60_TK8_TS2.0,chase,0.014681283488200192,-0.010544647522659378,22,160.27725824115402,150.54252737615403,2.221541385561892,45.63038944158438,-7.702488079584516,6.842842153461547,1.351109703310921,69.98703423897115,-4.616139268565821,0.3,0.35,0.6,8.0,2.0,5.9241103614983786,1.3922972253602222
PP_BW0.30_AQ0.35_RP0.65_TK8_TS1.2,chase,0.014681283488200192,-0.010544647522659378,22,160.27725824115402,150.54252737615403,2.221541385561892,45.63038944158438,-7.702488079584516,6.842842153461547,1.351109703310921,69.98703423897115,-4.616139268565821,0.3,0.35,0.65,8.0,1.2,5.9241103614983786,1.3922972253602222
PP_BW0.30_AQ0.35_RP0.65_TK8_TS1.6,chase,0.014681283488200192,-0.010544647522659378,22,160.27725824115402,150.54252737615403,2.221541385561892,45.63038944158438,-7.702488079584516,6.842842153461547,1.351109703310921,69.98703423897115,-4.616139268565821,0.3,0.35,0.65,8.0,1.6,5.9241103614983786,1.3922972253602222
PP_BW0.30_AQ0.35_RP0.65_TK8_TS2.0,chase,0.014681283488200192,-0.010544647522659378,22,160.27725824115402,150.54252737615403,2.221541385561892,45.63038944158438,-7.702488079584516,6.842842153461547,1.351109703310921,69.98703423897115,-4.616139268565821,0.3,0.35,0.65,8.0,2.0,5.9241103614983786,1.3922972253602222
PP_BW0.25_AQ0.35_RP0.55_TK10_TS1.2,chase,0.014570498231244011,-0.0105641328023649,22,160.2991228939283,149.4409788839283,2.1964292123454863,54.869360954283025,-7.3474015227933425,6.792771767451286,1.1778223278867406,48.59071041244977,-4.7984905457501,0.25,0.35,0.55,10.0,1.2,7.467859321974653,1.3792422439049838
PP_BW0.25_AQ0.35_RP0.55_TK10_TS1.6,chase,0.014570498231244011,-0.0105641328023649,22,160.2991228939283,149.4409788839283,2.1964292123454863,54.869360954283025,-7.3474015227933425,6.792771767451286,1.1778223278867406,48.59071041244977,-4.7984905457501,0.25,0.35,0.55,10.0,1.6,7.467859321974653,1.3792422439049838
PP_BW0.25_AQ0.35_RP0.55_TK10_TS2.0,chase,0.014570498231244011,-0.0105641328023649,22,160.2991228939283,149.4409788839283,2.1964292123454863,54.869360954283025,-7.3474015227933425,6.792771767451286,1.1778223278867406,48.59071041244977,-4.7984905457501,0.25,0.35,0.55,10.0,2.0,7.467859321974653,1.3792422439049838
PP_BW0.25_AQ0.35_RP0.60_TK10_TS1.2,chase,0.014570498231244011,-0.0105641328023649,22,160.2991228939283,149.4409788839283,2.1964292123454863,54.869360954283025,-7.3474015227933425,6.792771767451286,1.1778223278867406,48.59071041244977,-4.7984905457501,0.25,0.35,0.6,10.0,1.2,7.467859321974653,1.3792422439049838
PP_BW0.25_AQ0.35_RP0.60_TK10_TS1.6,chase,0.014570498231244011,-0.0105641328023649,22,160.2991228939283,149.4409788839283,2.1964292123454863,54.869360954283025,-7.3474015227933425,6.792771767451286,1.1778223278867406,48.59071041244977,-4.7984905457501,0.25,0.35,0.6,10.0,1.6,7.467859321974653,1.3792422439049838
PP_BW0.25_AQ0.35_RP0.60_TK10_TS2.0,chase,0.014570498231244011,-0.0105641328023649,22,160.2991228939283,149.4409788839283,2.1964292123454863,54.869360954283025,-7.3474015227933425,6.792771767451286,1.1778223278867406,48.59071041244977,-4.7984905457501,0.25,0.35,0.6,10.0,2.0,7.467859321974653,1.3792422439049838
PP_BW0.25_AQ0.35_RP0.65_TK10_TS1.2,chase,0.014570498231244011,-0.0105641328023649,22,160.2991228939283,149.4409788839283,2.1964292123454863,54.869360954283025,-7.3474015227933425,6.792771767451286,1.1778223278867406,48.59071041244977,-4.7984905457501,0.25,0.35,0.65,10.0,1.2,7.467859321974653,1.3792422439049838
PP_BW0.25_AQ0.35_RP0.65_TK10_TS1.6,chase,0.014570498231244011,-0.0105641328023649,22,160.2991228939283,149.4409788839283,2.1964292123454863,54.869360954283025,-7.3474015227933425,6.792771767451286,1.1778223278867406,48.59071041244977,-4.7984905457501,0.25,0.35,0.65,10.0,1.6,7.467859321974653,1.3792422439049838
PP_BW0.25_AQ0.35_RP0.65_TK10_TS2.0,chase,0.014570498231244011,-0.0105641328023649,22,160.2991228939283,149.4409788839283,2.1964292123454863,54.869360954283025,-7.3474015227933425,6.792771767451286,1.1778223278867406,48.59071041244977,-4.7984905457501,0.25,0.35,0.65,10.0,2.0,7.467859321974653,1.3792422439049838
PP_BW0.30_AQ0.30_RP0.55_TK10_TS1.2,chase,0.014570498231244011,-0.0105641328023649,22,160.2991228939283,149.4409788839283,2.1964292123454863,54.869360954283025,-7.3474015227933425,6.792771767451286,1.1778223278867406,48.59071041244977,-4.7984905457501,0.3,0.3,0.55,10.0,1.2,7.467859321974653,1.3792422439049838
PP_BW0.30_AQ0.30_RP0.55_TK10_TS1.6,chase,0.014570498231244011,-0.0105641328023649,22,160.2991228939283,149.4409788839283,2.1964292123454863,54.869360954283025,-7.3474015227933425,6.792771767451286,1.1778223278867406,48.59071041244977,-4.7984905457501,0.3,0.3,0.55,10.0,1.6,7.467859321974653,1.3792422439049838
PP_BW0.30_AQ0.30_RP0.55_TK10_TS2.0,chase,0.014570498231244011,-0.0105641328023649,22,160.2991228939283,149.4409788839283,2.1964292123454863,54.869360954283025,-7.3474015227933425,6.792771767451286,1.1778223278867406,48.59071041244977,-4.7984905457501,0.3,0.3,0.55,10.0,2.0,7.467859321974653,1.3792422439049838
PP_BW0.30_AQ0.30_RP0.60_TK10_TS1.2,chase,0.014570498231244011,-0.0105641328023649,22,160.2991228939283,149.4409788839283,2.1964292123454863,54.869360954283025,-7.3474015227933425,6.792771767451286,1.1778223278867406,48.59071041244977,-4.7984905457501,0.3,0.3,0.6,10.0,1.2,7.467859321974653,1.3792422439049838
PP_BW0.30_AQ0.30_RP0.60_TK10_TS1.6,chase,0.014570498231244011,-0.0105641328023649,22,160.2991228939283,149.4409788839283,2.1964292123454863,54.869360954283025,-7.3474015227933425,6.792771767451286,1.1778223278867406,48.59071041244977,-4.7984905457501,0.3,0.3,0.6,10.0,1.6,7.467859321974653,1.3792422439049838
PP_BW0.30_AQ0.30_RP0.60_TK10_TS2.0,chase,0.014570498231244011,-0.0105641328023649,22,160.2991228939283,149.4409788839283,2.1964292123454863,54.869360954283025,-7.3474015227933425,6.792771767451286,1.1778223278867406,48.59071041244977,-4.7984905457501,0.3,0.3,0.6,10.0,2.0,7.467859321974653,1.3792422439049838
PP_BW0.30_AQ0.30_RP0.65_TK10_TS1.2,chase,0.014570498231244011,-0.0105641328023649,22,160.2991228939283,149.4409788839283,2.1964292123454863,54.869360954283025,-7.3474015227933425,6.792771767451286,1.1778223278867406,48.59071041244977,-4.7984905457501,0.3,0.3,0.65,10.0,1.2,7.467859321974653,1.3792422439049838
PP_BW0.30_AQ0.30_RP0.65_TK10_TS1.6,chase,0.014570498231244011,-0.0105641328023649,22,160.2991228939283,149.4409788839283,2.1964292123454863,54.869360954283025,-7.3474015227933425,6.792771767451286,1.1778223278867406,48.59071041244977,-4.7984905457501,0.3,0.3,0.65,10.0,1.6,7.467859321974653,1.3792422439049838
PP_BW0.30_AQ0.30_RP0.65_TK10_TS2.0,chase,0.014570498231244011,-0.0105641328023649,22,160.2991228939283,149.4409788839283,2.1964292123454863,54.869360954283025,-7.3474015227933425,6.792771767451286,1.1778223278867406,48.59071041244977,-4.7984905457501,0.3,0.3,0.65,10.0,2.0,7.467859321974653,1.3792422439049838
PP_BW0.30_AQ0.35_RP0.55_TK10_TS1.2,chase,0.014271996848382429,-0.010567218888595242,22,157.565999963843,146.44830534884304,2.1450353679677114,54.869360954283025,-7.523441142504242,6.656741152220138,1.177334755124998,45.598036877364486,-4.7584476203605375,0.3,0.35,0.55,10.0,1.2,7.293120251090219,1.3505915793781464
PP_BW0.30_AQ0.35_RP0.55_TK10_TS1.6,chase,0.014271996848382429,-0.010567218888595242,22,157.565999963843,146.44830534884304,2.1450353679677114,54.869360954283025,-7.523441142504242,6.656741152220138,1.177334755124998,45.598036877364486,-4.7584476203605375,0.3,0.35,0.55,10.0,1.6,7.293120251090219,1.3505915793781464
PP_BW0.30_AQ0.35_RP0.55_TK10_TS2.0,chase,0.014271996848382429,-0.010567218888595242,22,157.565999963843,146.44830534884304,2.1450353679677114,54.869360954283025,-7.523441142504242,6.656741152220138,1.177334755124998,45.598036877364486,-4.7584476203605375,0.3,0.35,0.55,10.0,2.0,7.293120251090219,1.3505915793781464
PP_BW0.30_AQ0.35_RP0.60_TK10_TS1.2,chase,0.014271996848382429,-0.010567218888595242,22,157.565999963843,146.44830534884304,2.1450353679677114,54.869360954283025,-7.523441142504242,6.656741152220138,1.177334755124998,45.598036877364486,-4.7584476203605375,0.3,0.35,0.6,10.0,1.2,7.293120251090219,1.3505915793781464
PP_BW0.30_AQ0.35_RP0.60_TK10_TS1.6,chase,0.014271996848382429,-0.010567218888595242,22,157.565999963843,146.44830534884304,2.1450353679677114,54.869360954283025,-7.523441142504242,6.656741152220138,1.177334755124998,45.598036877364486,-4.7584476203605375,0.3,0.35,0.6,10.0,1.6,7.293120251090219,1.3505915793781464
PP_BW0.30_AQ0.35_RP0.60_TK10_TS2.0,chase,0.014271996848382429,-0.010567218888595242,22,157.565999963843,146.44830534884304,2.1450353679677114,54.869360954283025,-7.523441142504242,6.656741152220138,1.177334755124998,45.598036877364486,-4.7584476203605375,0.3,0.35,0.6,10.0,2.0,7.293120251090219,1.3505915793781464
PP_BW0.30_AQ0.35_RP0.65_TK10_TS1.2,chase,0.014271996848382429,-0.010567218888595242,22,157.565999963843,146.44830534884304,2.1450353679677114,54.869360954283025,-7.523441142504242,6.656741152220138,1.177334755124998,45.598036877364486,-4.7584476203605375,0.3,0.35,0.65,10.0,1.2,7.293120251090219,1.3505915793781464
PP_BW0.30_AQ0.35_RP0.65_TK10_TS1.6,chase,0.014271996848382429,-0.010567218888595242,22,157.565999963843,146.44830534884304,2.1450353679677114,54.869360954283025,-7.523441142504242,6.656741152220138,1.177334755124998,45.598036877364486,-4.7584476203605375,0.3,0.35,0.65,10.0,1.6,7.293120251090219,1.3505915793781464
PP_BW0.30_AQ0.35_RP0.65_TK10_TS2.0,chase,0.014271996848382429,-0.010567218888595242,22,157.565999963843,146.44830534884304,2.1450353679677114,54.869360954283025,-7.523441142504242,6.656741152220138,1.177334755124998,45.598036877364486,-4.7584476203605375,0.3,0.35,0.65,10.0,2.0,7.293120251090219,1.3505915793781464
PP_BW0.25_AQ0.40_RP0.55_TK10_TS1.2,chase,0.013957817682178186,-0.0105641328023649,23,154.3709855746105,143.3999936946105,2.095101075890284,54.869360954283025,-7.274822837600258,6.2347823345482825,1.0816555906163496,42.549725223131965,-4.760898812476137,0.25,0.4,0.55,10.0,1.2,7.542363873205021,1.3212459501695748
PP_BW0.25_AQ0.40_RP0.55_TK10_TS1.6,chase,0.013957817682178186,-0.0105641328023649,23,154.3709855746105,143.3999936946105,2.095101075890284,54.869360954283025,-7.274822837600258,6.2347823345482825,1.0816555906163496,42.549725223131965,-4.760898812476137,0.25,0.4,0.55,10.0,1.6,7.542363873205021,1.3212459501695748
PP_BW0.25_AQ0.40_RP0.55_TK10_TS2.0,chase,0.013957817682178186,-0.0105641328023649,23,154.3709855746105,143.3999936946105,2.095101075890284,54.869360954283025,-7.274822837600258,6.2347823345482825,1.0816555906163496,42.549725223131965,-4.760898812476137,0.25,0.4,0.55,10.0,2.0,7.542363873205021,1.3212459501695748
PP_BW0.25_AQ0.40_RP0.60_TK10_TS1.2,chase,0.013957817682178186,-0.0105641328023649,23,154.3709855746105,143.3999936946105,2.095101075890284,54.869360954283025,-7.274822837600258,6.2347823345482825,1.0816555906163496,42.549725223131965,-4.760898812476137,0.25,0.4,0.6,10.0,1.2,7.542363873205021,1.3212459501695748
PP_BW0.25_AQ0.40_RP0.60_TK10_TS1.6,chase,0.013957817682178186,-0.0105641328023649,23,154.3709855746105,143.3999936946105,2.095101075890284,54.869360954283025,-7.274822837600258,6.2347823345482825,1.0816555906163496,42.549725223131965,-4.760898812476137,0.25,0.4,0.6,10.0,1.6,7.542363873205021,1.3212459501695748
PP_BW0.25_AQ0.40_RP0.60_TK10_TS2.0,chase,0.013957817682178186,-0.0105641328023649,23,154.3709855746105,143.3999936946105,2.095101075890284,54.869360954283025,-7.274822837600258,6.2347823345482825,1.0816555906163496,42.549725223131965,-4.760898812476137,0.25,0.4,0.6,10.0,2.0,7.542363873205021,1.3212459501695748
PP_BW0.25_AQ0.40_RP0.65_TK10_TS1.2,chase,0.013957817682178186,-0.0105641328023649,23,154.3709855746105,143.3999936946105,2.095101075890284,54.869360954283025,-7.274822837600258,6.2347823345482825,1.0816555906163496,42.549725223131965,-4.760898812476137,0.25,0.4,0.65,10.0,1.2,7.542363873205021,1.3212459501695748
PP_BW0.25_AQ0.40_RP0.65_TK10_TS1.6,chase,0.013957817682178186,-0.0105641328023649,23,154.3709855746105,143.3999936946105,2.095101075890284,54.869360954283025,-7.274822837600258,6.2347823345482825,1.0816555906163496,42.549725223131965,-4.760898812476137,0.25,0.4,0.65,10.0,1.6,7.542363873205021,1.3212459501695748
PP_BW0.25_AQ0.40_RP0.65_TK10_TS2.0,chase,0.013957817682178186,-0.0105641328023649,23,154.3709855746105,143.3999936946105,2.095101075890284,54.869360954283025,-7.274822837600258,6.2347823345482825,1.0816555906163496,42.549725223131965,-4.760898812476137,0.25,0.4,0.65,10.0,2.0,7.542363873205021,1.3212459501695748
PP_BW0.25_AQ0.40_RP0.55_TK8_TS1.2,chase,0.013594982923637478,-0.010549526875804238,24,149.70554481881513,139.9241907888151,2.0453169651284204,45.63038944158438,-7.436563658927286,5.83017461620063,1.152226504710165,59.36869765163225,-4.565583195074509,0.25,0.4,0.55,8.0,1.2,6.135950895385262,1.2886817658920908
PP_BW0.25_AQ0.40_RP0.55_TK8_TS1.6,chase,0.013594982923637478,-0.010549526875804238,24,149.70554481881513,139.9241907888151,2.0453169651284204,45.63038944158438,-7.436563658927286,5.83017461620063,1.152226504710165,59.36869765163225,-4.565583195074509,0.25,0.4,0.55,8.0,1.6,6.135950895385262,1.2886817658920908
PP_BW0.25_AQ0.40_RP0.55_TK8_TS2.0,chase,0.013594982923637478,-0.010549526875804238,24,149.70554481881513,139.9241907888151,2.0453169651284204,45.63038944158438,-7.436563658927286,5.83017461620063,1.152226504710165,59.36869765163225,-4.565583195074509,0.25,0.4,0.55,8.0,2.0,6.135950895385262,1.2886817658920908
PP_BW0.25_AQ0.40_RP0.60_TK8_TS1.2,chase,0.013594982923637478,-0.010549526875804238,24,149.70554481881513,139.9241907888151,2.0453169651284204,45.63038944158438,-7.436563658927286,5.83017461620063,1.152226504710165,59.36869765163225,-4.565583195074509,0.25,0.4,0.6,8.0,1.2,6.135950895385262,1.2886817658920908
PP_BW0.25_AQ0.40_RP0.60_TK8_TS1.6,chase,0.013594982923637478,-0.010549526875804238,24,149.70554481881513,139.9241907888151,2.0453169651284204,45.63038944158438,-7.436563658927286,5.83017461620063,1.152226504710165,59.36869765163225,-4.565583195074509,0.25,0.4,0.6,8.0,1.6,6.135950895385262,1.2886817658920908
PP_BW0.25_AQ0.40_RP0.60_TK8_TS2.0,chase,0.013594982923637478,-0.010549526875804238,24,149.70554481881513,139.9241907888151,2.0453169651284204,45.63038944158438,-7.436563658927286,5.83017461620063,1.152226504710165,59.36869765163225,-4.565583195074509,0.25,0.4,0.6,8.0,2.0,6.135950895385262,1.2886817658920908
PP_BW0.25_AQ0.40_RP0.65_TK8_TS1.2,chase,0.013594982923637478,-0.010549526875804238,24,149.70554481881513,139.9241907888151,2.0453169651284204,45.63038944158438,-7.436563658927286,5.83017461620063,1.152226504710165,59.36869765163225,-4.565583195074509,0.25,0.4,0.65,8.0,1.2,6.135950895385262,1.2886817658920908
PP_BW0.25_AQ0.40_RP0.65_TK8_TS1.6,chase,0.013594982923637478,-0.010549526875804238,24,149.70554481881513,139.9241907888151,2.0453169651284204,45.63038944158438,-7.436563658927286,5.83017461620063,1.152226504710165,59.36869765163225,-4.565583195074509,0.25,0.4,0.65,8.0,1.6,6.135950895385262,1.2886817658920908
PP_BW0.25_AQ0.40_RP0.65_TK8_TS2.0,chase,0.013594982923637478,-0.010549526875804238,24,149.70554481881513,139.9241907888151,2.0453169651284204,45.63038944158438,-7.436563658927286,5.83017461620063,1.152226504710165,59.36869765163225,-4.565583195074509,0.25,0.4,0.65,8.0,2.0,6.135950895385262,1.2886817658920908
PP_BW0.30_AQ0.40_RP0.55_TK10_TS1.2,chase,0.012806324894170329,-0.01140199980535539,24,143.49588802575525,132.05784733075524,1.9280962465820903,54.869360954283025,-7.4888924968768364,5.502410305448135,0.9924422237528342,31.20757885927673,-4.740865190608304,0.3,0.4,0.55,10.0,1.2,7.326765737011943,1.1231648055418615
PP_BW0.30_AQ0.40_RP0.55_TK10_TS1.6,chase,0.012806324894170329,-0.01140199980535539,24,143.49588802575525,132.05784733075524,1.9280962465820903,54.869360954283025,-7.4888924968768364,5.502410305448135,0.9924422237528342,31.20757885927673,-4.740865190608304,0.3,0.4,0.55,10.0,1.6,7.326765737011943,1.1231648055418615
PP_BW0.30_AQ0.40_RP0.55_TK10_TS2.0,chase,0.012806324894170329,-0.01140199980535539,24,143.49588802575525,132.05784733075524,1.9280962465820903,54.869360954283025,-7.4888924968768364,5.502410305448135,0.9924422237528342,31.20757885927673,-4.740865190608304,0.3,0.4,0.55,10.0,2.0,7.326765737011943,1.1231648055418615
PP_BW0.30_AQ0.40_RP0.60_TK10_TS1.2,chase,0.012806324894170329,-0.01140199980535539,24,143.49588802575525,132.05784733075524,1.9280962465820903,54.869360954283025,-7.4888924968768364,5.502410305448135,0.9924422237528342,31.20757885927673,-4.740865190608304,0.3,0.4,0.6,10.0,1.2,7.326765737011943,1.1231648055418615
PP_BW0.30_AQ0.40_RP0.60_TK10_TS1.6,chase,0.012806324894170329,-0.01140199980535539,24,143.49588802575525,132.05784733075524,1.9280962465820903,54.869360954283025,-7.4888924968768364,5.502410305448135,0.9924422237528342,31.20757885927673,-4.740865190608304,0.3,0.4,0.6,10.0,1.6,7.326765737011943,1.1231648055418615
PP_BW0.30_AQ0.40_RP0.60_TK10_TS2.0,chase,0.012806324894170329,-0.01140199980535539,24,143.49588802575525,132.05784733075524,1.9280962465820903,54.869360954283025,-7.4888924968768364,5.502410305448135,0.9924422237528342,31.20757885927673,-4.740865190608304,0.3,0.4,0.6,10.0,2.0,7.326765737011943,1.1231648055418615
PP_BW0.30_AQ0.40_RP0.65_TK10_TS1.2,chase,0.012806324894170329,-0.01140199980535539,24,143.49588802575525,132.05784733075524,1.9280962465820903,54.869360954283025,-7.4888924968768364,5.502410305448135,0.9924422237528342,31.20757885927673,-4.740865190608304,0.3,0.4,0.65,10.0,1.2,7.326765737011943,1.1231648055418615
PP_BW0.30_AQ0.40_RP0.65_TK10_TS1.6,chase,0.012806324894170329,-0.01140199980535539,24,143.49588802575525,132.05784733075524,1.9280962465820903,54.869360954283025,-7.4888924968768364,5.502410305448135,0.9924422237528342,31.20757885927673,-4.740865190608304,0.3,0.4,0.65,10.0,1.6,7.326765737011943,1.1231648055418615
PP_BW0.30_AQ0.40_RP0.65_TK10_TS2.0,chase,0.012806324894170329,-0.01140199980535539,24,143.49588802575525,132.05784733075524,1.9280962465820903,54.869360954283025,-7.4888924968768364,5.502410305448135,0.9924422237528342,31.20757885927673,-4.740865190608304,0.3,0.4,0.65,10.0,2.0,7.326765737011943,1.1231648055418615
PP_BW0.30_AQ0.40_RP0.55_TK8_TS1.2,chase,0.012443490135629398,-0.011386230848470569,25,138.83044726995988,128.5820444249599,1.8855494879177854,45.63038944158438,-7.6421206433971784,5.143281776998395,1.0637588359574377,48.026551287777025,-4.554163542777454,0.3,0.4,0.55,8.0,1.2,5.970906711739654,1.092854193914472
PP_BW0.30_AQ0.40_RP0.55_TK8_TS1.6,chase,0.012443490135629398,-0.011386230848470569,25,138.83044726995988,128.5820444249599,1.8855494879177854,45.63038944158438,-7.6421206433971784,5.143281776998395,1.0637588359574377,48.026551287777025,-4.554163542777454,0.3,0.4,0.55,8.0,1.6,5.970906711739654,1.092854193914472
PP_BW0.30_AQ0.40_RP0.55_TK8_TS2.0,chase,0.012443490135629398,-0.011386230848470569,25,138.83044726995988,128.5820444249599,1.8855494879177854,45.63038944158438,-7.6421206433971784,5.143281776998395,1.0637588359574377,48.026551287777025,-4.554163542777454,0.3,0.4,0.55,8.0,2.0,5.970906711739654,1.092854193914472
PP_BW0.30_AQ0.40_RP0.60_TK8_TS1.2,chase,0.012443490135629398,-0.011386230848470569,25,138.83044726995988,128.5820444249599,1.8855494879177854,45.63038944158438,-7.6421206433971784,5.143281776998395,1.0637588359574377,48.026551287777025,-4.554163542777454,0.3,0.4,0.6,8.0,1.2,5.970906711739654,1.092854193914472
PP_BW0.30_AQ0.40_RP0.60_TK8_TS1.6,chase,0.012443490135629398,-0.011386230848470569,25,138.83044726995988,128.5820444249599,1.8855494879177854,45.63038944158438,-7.6421206433971784,5.143281776998395,1.0637588359574377,48.026551287777025,-4.554163542777454,0.3,0.4,0.6,8.0,1.6,5.970906711739654,1.092854193914472
PP_BW0.30_AQ0.40_RP0.60_TK8_TS2.0,chase,0.012443490135629398,-0.011386230848470569,25,138.83044726995988,128.5820444249599,1.8855494879177854,45.63038944158438,-7.6421206433971784,5.143281776998395,1.0637588359574377,48.026551287777025,-4.554163542777454,0.3,0.4,0.6,8.0,2.0,5.970906711739654,1.092854193914472
PP_BW0.30_AQ0.40_RP0.65_TK8_TS1.2,chase,0.012443490135629398,-0.011386230848470569,25,138.83044726995988,128.5820444249599,1.8855494879177854,45.63038944158438,-7.6421206433971784,5.143281776998395,1.0637588359574377,48.026551287777025,-4.554163542777454,0.3,0.4,0.65,8.0,1.2,5.970906711739654,1.092854193914472
PP_BW0.30_AQ0.40_RP0.65_TK8_TS1.6,chase,0.012443490135629398,-0.011386230848470569,25,138.83044726995988,128.5820444249599,1.8855494879177854,45.63038944158438,-7.6421206433971784,5.143281776998395,1.0637588359574377,48.026551287777025,-4.554163542777454,0.3,0.4,0.65,8.0,1.6,5.970906711739654,1.092854193914472
PP_BW0.30_AQ0.40_RP0.65_TK8_TS2.0,chase,0.012443490135629398,-0.011386230848470569,25,138.83044726995988,128.5820444249599,1.8855494879177854,45.63038944158438,-7.6421206433971784,5.143281776998395,1.0637588359574377,48.026551287777025,-4.554163542777454,0.3,0.4,0.65,8.0,2.0,5.970906711739654,1.092854193914472
