variant,entry_mode,return,max_drawdown,trade_count,gross_closed_pnl,net_closed_pnl,profit_factor,avg_winner,avg_loser,expectancy_per_trade,avg_R_realized,remove_best_trade_net,mfe_capture_ratio,take_R,trail_atr,stop_atr,breakout_lookback,winner_loser_ratio,return_over_dd
PC_TK18_TR2.0_ST2.0_BL18,chase,0.030470182670597534,-0.005718025674360638,14,317.88660589896244,307.0144863289624,6.293591209920259,73.0023757352902,-6.444154705276515,21.929606166354457,3.1525418253914284,124.99479602030098,-17.747112165984827,18.0,2.0,2.0,18,11.328464177856468,5.328794308711208
PC_TK18_TR2.4_ST2.0_BL18,chase,0.030470182670597534,-0.005718025674360638,14,317.88660589896244,307.0144863289624,6.293591209920259,73.0023757352902,-6.444154705276515,21.929606166354457,3.1525418253914284,124.99479602030098,-17.747112165984827,18.0,2.4,2.0,18,11.328464177856468,5.328794308711208
PC_TK18_TR2.8_ST2.0_BL18,chase,0.030470182670597534,-0.005718025674360638,14,317.88660589896244,307.0144863289624,6.293591209920259,73.0023757352902,-6.444154705276515,21.929606166354457,3.1525418253914284,124.99479602030098,-17.747112165984827,18.0,2.8,2.0,18,11.328464177856468,5.328794308711208
PC_TK14_TR2.0_ST2.4_BL18,chase,0.030109052850237905,-0.005983788240226384,13,313.6942933040623,303.48827421906225,5.659554712783446,73.72414741343268,-8.14155785601264,23.345251863004787,3.189218623546517,133.65646306097838,-22.837418761631056,14.0,2.0,2.4,18,9.055287540453515,5.031771119142878
PC_TK14_TR2.4_ST2.4_BL18,chase,0.030109052850237905,-0.005983788240226384,13,313.6942933040623,303.48827421906225,5.659554712783446,73.72414741343268,-8.14155785601264,23.345251863004787,3.189218623546517,133.65646306097838,-22.837418761631056,14.0,2.4,2.4,18,9.055287540453515,5.031771119142878
PC_TK14_TR2.8_ST2.4_BL18,chase,0.030109052850237905,-0.005983788240226384,13,313.6942933040623,303.48827421906225,5.659554712783446,73.72414741343268,-8.14155785601264,23.345251863004787,3.189218623546517,133.65646306097838,-22.837418761631056,14.0,2.8,2.4,18,9.055287540453515,5.031771119142878
PC_TK16_TR2.0_ST2.2_BL18,chase,0.029639869004064234,-0.005851049745086323,13,309.46841465300105,298.79432281800115,5.980748500935986,71.75683325291874,-7.498730430824086,22.98417867830778,3.052242467286182,120.83962747619887,-21.04617862704055,16.0,2.0,2.2,18,9.569197601497578,5.0657352604044465
PC_TK16_TR2.4_ST2.2_BL18,chase,0.029639869004064234,-0.005851049745086323,13,309.46841465300105,298.79432281800115,5.980748500935986,71.75683325291874,-7.498730430824086,22.98417867830778,3.052242467286182,120.83962747619887,-21.04617862704055,16.0,2.4,2.2,18,9.569197601497578,5.0657352604044465
PC_TK16_TR2.8_ST2.2_BL18,chase,0.029639869004064234,-0.005851049745086323,13,309.46841465300105,298.79432281800115,5.980748500935986,71.75683325291874,-7.498730430824086,22.98417867830778,3.052242467286182,120.83962747619887,-21.04617862704055,16.0,2.8,2.2,18,9.569197601497578,5.0657352604044465
PC_TK16_TR2.0_ST2.0_BL18,chase,0.029377182064505458,-0.005735243781266108,14,306.47169763389854,296.0787728138986,6.10503594782256,70.81523303227743,-6.444154705276515,21.148483772421326,3.417418445738981,134.3769515895329,-17.694504687366706,16.0,2.0,2.0,18,10.989064706080608,5.122220290001374
PC_TK16_TR2.4_ST2.0_BL18,chase,0.029377182064505458,-0.005735243781266108,14,306.47169763389854,296.0787728138986,6.10503594782256,70.81523303227743,-6.444154705276515,21.148483772421326,3.417418445738981,134.3769515895329,-17.694504687366706,16.0,2.4,2.0,18,10.989064706080608,5.122220290001374
PC_TK16_TR2.8_ST2.0_BL18,chase,0.029377182064505458,-0.005735243781266108,14,306.47169763389854,296.0787728138986,6.10503594782256,70.81523303227743,-6.444154705276515,21.148483772421326,3.417418445738981,134.3769515895329,-17.694504687366706,16.0,2.8,2.0,18,10.989064706080608,5.122220290001374
PC_TK18_TR2.0_ST2.0_BL12,chase,0.029179644648995362,-0.0056729562275419365,16,306.3153271435643,294.43658702356424,5.171949986005064,73.0023757352902,-6.4159356048078875,18.402286688972765,2.6167882057254053,112.41689671490286,-1.9191598905821081,18.0,2.0,2.0,12,11.37828996921114,5.143640013883688
PC_TK18_TR2.0_ST2.0_BL15,chase,0.029179644648995362,-0.0056729562275419365,16,306.3153271435643,294.43658702356424,5.171949986005064,73.0023757352902,-6.4159356048078875,18.402286688972765,2.6167882057254053,112.41689671490286,-1.9191598905821081,18.0,2.0,2.0,15,11.37828996921114,5.143640013883688
PC_TK18_TR2.4_ST2.0_BL12,chase,0.029179644648995362,-0.0056729562275419365,16,306.3153271435643,294.43658702356424,5.171949986005064,73.0023757352902,-6.4159356048078875,18.402286688972765,2.6167882057254053,112.41689671490286,-1.9191598905821081,18.0,2.4,2.0,12,11.37828996921114,5.143640013883688
PC_TK18_TR2.4_ST2.0_BL15,chase,0.029179644648995362,-0.0056729562275419365,16,306.3153271435643,294.43658702356424,5.171949986005064,73.0023757352902,-6.4159356048078875,18.402286688972765,2.6167882057254053,112.41689671490286,-1.9191598905821081,18.0,2.4,2.0,15,11.37828996921114,5.143640013883688
PC_TK18_TR2.8_ST2.0_BL12,chase,0.029179644648995362,-0.0056729562275419365,16,306.3153271435643,294.43658702356424,5.171949986005064,73.0023757352902,-6.4159356048078875,18.402286688972765,2.6167882057254053,112.41689671490286,-1.9191598905821081,18.0,2.8,2.0,12,11.37828996921114,5.143640013883688
PC_TK18_TR2.8_ST2.0_BL15,chase,0.029179644648995362,-0.0056729562275419365,16,306.3153271435643,294.43658702356424,5.171949986005064,73.0023757352902,-6.4159356048078875,18.402286688972765,2.6167882057254053,112.41689671490286,-1.9191598905821081,18.0,2.8,2.0,15,11.37828996921114,5.143640013883688
PC_TK14_TR2.0_ST2.4_BL12,chase,0.02859777448964973,-0.005924247577496766,15,299.87541210758457,288.70184772258455,4.61243568435762,73.72414741343268,-7.991888934457883,19.246789848172302,2.6161047639989996,118.87003656450067,-2.4201290091396572,14.0,2.0,2.4,12,9.22487136871524,4.827241622763754
PC_TK14_TR2.0_ST2.4_BL15,chase,0.02859777448964973,-0.005924247577496766,15,299.87541210758457,288.70184772258455,4.61243568435762,73.72414741343268,-7.991888934457883,19.246789848172302,2.6161047639989996,118.87003656450067,-2.4201290091396572,14.0,2.0,2.4,15,9.22487136871524,4.827241622763754
PC_TK14_TR2.4_ST2.4_BL12,chase,0.02859777448964973,-0.005924247577496766,15,299.87541210758457,288.70184772258455,4.61243568435762,73.72414741343268,-7.991888934457883,19.246789848172302,2.6161047639989996,118.87003656450067,-2.4201290091396572,14.0,2.4,2.4,12,9.22487136871524,4.827241622763754
PC_TK14_TR2.4_ST2.4_BL15,chase,0.02859777448964973,-0.005924247577496766,15,299.87541210758457,288.70184772258455,4.61243568435762,73.72414741343268,-7.991888934457883,19.246789848172302,2.6161047639989996,118.87003656450067,-2.4201290091396572,14.0,2.4,2.4,15,9.22487136871524,4.827241622763754
PC_TK14_TR2.8_ST2.4_BL12,chase,0.02859777448964973,-0.005924247577496766,15,299.87541210758457,288.70184772258455,4.61243568435762,73.72414741343268,-7.991888934457883,19.246789848172302,2.6161047639989996,118.87003656450067,-2.4201290091396572,14.0,2.8,2.4,12,9.22487136871524,4.827241622763754
PC_TK14_TR2.8_ST2.4_BL15,chase,0.02859777448964973,-0.005924247577496766,15,299.87541210758457,288.70184772258455,4.61243568435762,73.72414741343268,-7.991888934457883,19.246789848172302,2.6161047639989996,118.87003656450067,-2.4201290091396572,14.0,2.8,2.4,15,9.22487136871524,4.827241622763754
PC_TK16_TR2.0_ST2.2_BL12,chase,0.028241257350468674,-0.005796531594329357,15,296.77333467706325,285.1351252920633,4.871538875820696,71.75683325291874,-7.364904097253051,19.009008352804223,2.4960913980244026,107.18042995026104,-2.2578333386017673,16.0,2.0,2.2,12,9.743077751641392,4.872095819868659
PC_TK16_TR2.0_ST2.2_BL15,chase,0.028241257350468674,-0.005796531594329357,15,296.77333467706325,285.1351252920633,4.871538875820696,71.75683325291874,-7.364904097253051,19.009008352804223,2.4960913980244026,107.18042995026104,-2.2578333386017673,16.0,2.0,2.2,15,9.743077751641392,4.872095819868659
PC_TK16_TR2.4_ST2.2_BL12,chase,0.028241257350468674,-0.005796531594329357,15,296.77333467706325,285.1351252920633,4.871538875820696,71.75683325291874,-7.364904097253051,19.009008352804223,2.4960913980244026,107.18042995026104,-2.2578333386017673,16.0,2.4,2.2,12,9.743077751641392,4.872095819868659
PC_TK16_TR2.4_ST2.2_BL15,chase,0.028241257350468674,-0.005796531594329357,15,296.77333467706325,285.1351252920633,4.871538875820696,71.75683325291874,-7.364904097253051,19.009008352804223,2.4960913980244026,107.18042995026104,-2.2578333386017673,16.0,2.4,2.2,15,9.743077751641392,4.872095819868659
PC_TK16_TR2.8_ST2.2_BL12,chase,0.028241257350468674,-0.005796531594329357,15,296.77333467706325,285.1351252920633,4.871538875820696,71.75683325291874,-7.364904097253051,19.009008352804223,2.4960913980244026,107.18042995026104,-2.2578333386017673,16.0,2.8,2.2,12,9.743077751641392,4.872095819868659
PC_TK16_TR2.8_ST2.2_BL15,chase,0.028241257350468674,-0.005796531594329357,15,296.77333467706325,285.1351252920633,4.871538875820696,71.75683325291874,-7.364904097253051,19.009008352804223,2.4960913980244026,107.18042995026104,-2.2578333386017673,16.0,2.8,2.2,15,9.743077751641392,4.872095819868659
PC_TK16_TR2.0_ST2.0_BL12,chase,0.028086644042903286,-0.005690060906130556,16,294.90041887850043,283.50087350850043,5.016998964777275,70.81523303227743,-6.4159356048078875,17.718804594281277,2.8485552485295136,121.79905228413477,-1.8731283467912507,16.0,2.0,2.0,12,11.037397722510006,4.9360884718549
PC_TK16_TR2.0_ST2.0_BL15,chase,0.028086644042903286,-0.005690060906130556,16,294.90041887850043,283.50087350850043,5.016998964777275,70.81523303227743,-6.4159356048078875,17.718804594281277,2.8485552485295136,121.79905228413477,-1.8731283467912507,16.0,2.0,2.0,15,11.037397722510006,4.9360884718549
PC_TK16_TR2.4_ST2.0_BL12,chase,0.028086644042903286,-0.005690060906130556,16,294.90041887850043,283.50087350850043,5.016998964777275,70.81523303227743,-6.4159356048078875,17.718804594281277,2.8485552485295136,121.79905228413477,-1.8731283467912507,16.0,2.4,2.0,12,11.037397722510006,4.9360884718549
PC_TK16_TR2.4_ST2.0_BL15,chase,0.028086644042903286,-0.005690060906130556,16,294.90041887850043,283.50087350850043,5.016998964777275,70.81523303227743,-6.4159356048078875,17.718804594281277,2.8485552485295136,121.79905228413477,-1.8731283467912507,16.0,2.4,2.0,15,11.037397722510006,4.9360884718549
PC_TK16_TR2.8_ST2.0_BL12,chase,0.028086644042903286,-0.005690060906130556,16,294.90041887850043,283.50087350850043,5.016998964777275,70.81523303227743,-6.4159356048078875,17.718804594281277,2.8485552485295136,121.79905228413477,-1.8731283467912507,16.0,2.8,2.0,12,11.037397722510006,4.9360884718549
PC_TK16_TR2.8_ST2.0_BL15,chase,0.028086644042903286,-0.005690060906130556,16,294.90041887850043,283.50087350850043,5.016998964777275,70.81523303227743,-6.4159356048078875,17.718804594281277,2.8485552485295136,121.79905228413477,-1.8731283467912507,16.0,2.8,2.0,15,11.037397722510006,4.9360884718549
PC_TK14_TR2.0_ST2.2_BL18,chase,0.02807961849776852,-0.005870450863143861,13,293.36922549546233,283.1837681604624,5.720528541011665,68.634722321411,-7.498730430824086,21.78336678157403,3.2417891608024454,127.57943938638545,-20.99210737134759,14.0,2.0,2.2,18,9.152845665618663,4.7832132748200475
PC_TK14_TR2.4_ST2.2_BL18,chase,0.02807961849776852,-0.005870450863143861,13,293.36922549546233,283.1837681604624,5.720528541011665,68.634722321411,-7.498730430824086,21.78336678157403,3.2417891608024454,127.57943938638545,-20.99210737134759,14.0,2.4,2.2,18,9.152845665618663,4.7832132748200475
PC_TK14_TR2.8_ST2.2_BL18,chase,0.02807961849776852,-0.005870450863143861,13,293.36922549546233,283.1837681604624,5.720528541011665,68.634722321411,-7.498730430824086,21.78336678157403,3.2417891608024454,127.57943938638545,-20.99210737134759,14.0,2.8,2.2,18,9.152845665618663,4.7832132748200475
PC_TK12_TR2.0_ST2.2_BL18,chase,0.027755220533576264,-0.008439292390495123,15,289.7899650833355,280.25801881833553,4.914881232188017,70.36917827980128,-7.158787258067088,18.68386792122237,2.7333478220613303,146.89423236198394,-18.211987291697234,12.0,2.0,2.2,18,9.829762464376032,3.288808972282556
PC_TK12_TR2.4_ST2.2_BL18,chase,0.027755220533576264,-0.008439292390495123,15,289.7899650833355,280.25801881833553,4.914881232188017,70.36917827980128,-7.158787258067088,18.68386792122237,2.7333478220613303,146.89423236198394,-18.211987291697234,12.0,2.4,2.2,18,9.829762464376032,3.288808972282556
PC_TK12_TR2.8_ST2.2_BL18,chase,0.027755220533576264,-0.008439292390495123,15,289.7899650833355,280.25801881833553,4.914881232188017,70.36917827980128,-7.158787258067088,18.68386792122237,2.7333478220613303,146.89423236198394,-18.211987291697234,12.0,2.8,2.2,18,9.829762464376032,3.288808972282556
PC_TK14_TR2.0_ST2.2_BL12,chase,0.026681006844173183,-0.005815779261731602,15,280.67414551952453,269.52457063452454,4.659580180209696,68.634722321411,-7.364904097253051,17.9683047089683,2.660365199071831,113.92024186044765,-2.2109715836678654,14.0,2.0,2.2,12,9.319160360419392,4.587692490280164
PC_TK14_TR2.0_ST2.2_BL15,chase,0.026681006844173183,-0.005815779261731602,15,280.67414551952453,269.52457063452454,4.659580180209696,68.634722321411,-7.364904097253051,17.9683047089683,2.660365199071831,113.92024186044765,-2.2109715836678654,14.0,2.0,2.2,15,9.319160360419392,4.587692490280164
PC_TK14_TR2.4_ST2.2_BL12,chase,0.026681006844173183,-0.005815779261731602,15,280.67414551952453,269.52457063452454,4.659580180209696,68.634722321411,-7.364904097253051,17.9683047089683,2.660365199071831,113.92024186044765,-2.2109715836678654,14.0,2.4,2.2,12,9.319160360419392,4.587692490280164
PC_TK14_TR2.4_ST2.2_BL15,chase,0.026681006844173183,-0.005815779261731602,15,280.67414551952453,269.52457063452454,4.659580180209696,68.634722321411,-7.364904097253051,17.9683047089683,2.660365199071831,113.92024186044765,-2.2109715836678654,14.0,2.4,2.2,15,9.319160360419392,4.587692490280164
PC_TK14_TR2.8_ST2.2_BL12,chase,0.026681006844173183,-0.005815779261731602,15,280.67414551952453,269.52457063452454,4.659580180209696,68.634722321411,-7.364904097253051,17.9683047089683,2.660365199071831,113.92024186044765,-2.2109715836678654,14.0,2.8,2.2,12,9.319160360419392,4.587692490280164
PC_TK14_TR2.8_ST2.2_BL15,chase,0.026681006844173183,-0.005815779261731602,15,280.67414551952453,269.52457063452454,4.659580180209696,68.634722321411,-7.364904097253051,17.9683047089683,2.660365199071831,113.92024186044765,-2.2109715836678654,14.0,2.8,2.2,15,9.319160360419392,4.587692490280164
PC_TK12_TR2.0_ST2.2_BL12,chase,0.026356608879980925,-0.009364247059077457,17,277.0948851073977,266.5988212923977,4.12736638290317,70.36917827980128,-7.1039225088840565,15.68228360543516,2.280143307445037,133.23503483604614,-1.967469841350458,12.0,2.0,2.2,12,9.905679318967607,2.814599904690844
PC_TK12_TR2.0_ST2.2_BL15,chase,0.026356608879980925,-0.009364247059077457,17,277.0948851073977,266.5988212923977,4.12736638290317,70.36917827980128,-7.1039225088840565,15.68228360543516,2.280143307445037,133.23503483604614,-1.967469841350458,12.0,2.0,2.2,15,9.905679318967607,2.814599904690844
PC_TK12_TR2.4_ST2.2_BL12,chase,0.026356608879980925,-0.009364247059077457,17,277.0948851073977,266.5988212923977,4.12736638290317,70.36917827980128,-7.1039225088840565,15.68228360543516,2.280143307445037,133.23503483604614,-1.967469841350458,12.0,2.4,2.2,12,9.905679318967607,2.814599904690844
PC_TK12_TR2.4_ST2.2_BL15,chase,0.026356608879980925,-0.009364247059077457,17,277.0948851073977,266.5988212923977,4.12736638290317,70.36917827980128,-7.1039225088840565,15.68228360543516,2.280143307445037,133.23503483604614,-1.967469841350458,12.0,2.4,2.2,15,9.905679318967607,2.814599904690844
PC_TK12_TR2.8_ST2.2_BL12,chase,0.026356608879980925,-0.009364247059077457,17,277.0948851073977,266.5988212923977,4.12736638290317,70.36917827980128,-7.1039225088840565,15.68228360543516,2.280143307445037,133.23503483604614,-1.967469841350458,12.0,2.8,2.2,12,9.905679318967607,2.814599904690844
PC_TK12_TR2.8_ST2.2_BL15,chase,0.026356608879980925,-0.009364247059077457,17,277.0948851073977,266.5988212923977,4.12736638290317,70.36917827980128,-7.1039225088840565,15.68228360543516,2.280143307445037,133.23503483604614,-1.967469841350458,12.0,2.8,2.2,15,9.905679318967607,2.814599904690844
PC_TK12_TR2.0_ST2.4_BL18,chase,0.025752873027166112,-0.006005467025037903,13,270.04632008673366,259.9046520017336,4.990401109318883,65.00742296996694,-8.14155785601264,19.992665538594892,2.7284469808251615,114.42196414480459,-22.86071259144489,12.0,2.0,2.4,18,7.984641774910212,4.288238186938272
PC_TK12_TR2.4_ST2.4_BL18,chase,0.025752873027166112,-0.006005467025037903,13,270.04632008673366,259.9046520017336,4.990401109318883,65.00742296996694,-8.14155785601264,19.992665538594892,2.7284469808251615,114.42196414480459,-22.86071259144489,12.0,2.4,2.4,18,7.984641774910212,4.288238186938272
PC_TK12_TR2.8_ST2.4_BL18,chase,0.025752873027166112,-0.006005467025037903,13,270.04632008673366,259.9046520017336,4.990401109318883,65.00742296996694,-8.14155785601264,19.992665538594892,2.7284469808251615,114.42196414480459,-22.86071259144489,12.0,2.8,2.4,18,7.984641774910212,4.288238186938272
PC_TK12_TR2.0_ST2.0_BL18,chase,0.025184066074132483,-0.008155544838062578,16,263.46453926098627,254.4461292609863,4.707645194071224,64.6147101389819,-6.238856493993027,15.902883078811644,2.51930734830732,133.277327705212,-16.133900199645836,12.0,2.0,2.0,18,10.356819426956694,3.0879685630071503
PC_TK12_TR2.4_ST2.0_BL18,chase,0.025184066074132483,-0.008155544838062578,16,263.46453926098627,254.4461292609863,4.707645194071224,64.6147101389819,-6.238856493993027,15.902883078811644,2.51930734830732,133.277327705212,-16.133900199645836,12.0,2.4,2.0,18,10.356819426956694,3.0879685630071503
PC_TK12_TR2.8_ST2.0_BL18,chase,0.025184066074132483,-0.008155544838062578,16,263.46453926098627,254.4461292609863,4.707645194071224,64.6147101389819,-6.238856493993027,15.902883078811644,2.51930734830732,133.277327705212,-16.133900199645836,12.0,2.8,2.0,18,10.356819426956694,3.0879685630071503
PC_TK14_TR2.0_ST2.0_BL18,chase,0.02500250797552317,-0.008130950921301783,15,263.22125147100314,252.491197051003,4.848630987471601,63.619330929389356,-6.560545759594371,16.83274647006687,2.718985181176622,111.07350416093306,-16.518275298235064,14.0,2.0,2.0,18,9.697261974943201,3.0749795709651404
PC_TK14_TR2.4_ST2.0_BL18,chase,0.02500250797552317,-0.008130950921301783,15,263.22125147100314,252.491197051003,4.848630987471601,63.619330929389356,-6.560545759594371,16.83274647006687,2.718985181176622,111.07350416093306,-16.518275298235064,14.0,2.4,2.0,18,9.697261974943201,3.0749795709651404
PC_TK14_TR2.8_ST2.0_BL18,chase,0.02500250797552317,-0.008130950921301783,15,263.22125147100314,252.491197051003,4.848630987471601,63.619330929389356,-6.560545759594371,16.83274647006687,2.718985181176622,111.07350416093306,-16.518275298235064,14.0,2.8,2.0,18,9.697261974943201,3.0749795709651404
PC_TK12_TR2.0_ST2.4_BL12,chase,0.024241594666577715,-0.005945743699769412,15,256.22743889025594,245.11822550525588,4.06708748726978,65.00742296996694,-7.991888934457883,16.341215033683724,2.2167693403071587,99.63553764832689,-2.440316994978315,12.0,2.0,2.4,12,8.13417497453956,4.077134146821339
PC_TK12_TR2.0_ST2.4_BL15,chase,0.024241594666577715,-0.005945743699769412,15,256.22743889025594,245.11822550525588,4.06708748726978,65.00742296996694,-7.991888934457883,16.341215033683724,2.2167693403071587,99.63553764832689,-2.440316994978315,12.0,2.0,2.4,15,8.13417497453956,4.077134146821339
PC_TK12_TR2.4_ST2.4_BL12,chase,0.024241594666577715,-0.005945743699769412,15,256.22743889025594,245.11822550525588,4.06708748726978,65.00742296996694,-7.991888934457883,16.341215033683724,2.2167693403071587,99.63553764832689,-2.440316994978315,12.0,2.4,2.4,12,8.13417497453956,4.077134146821339
PC_TK12_TR2.4_ST2.4_BL15,chase,0.024241594666577715,-0.005945743699769412,15,256.22743889025594,245.11822550525588,4.06708748726978,65.00742296996694,-7.991888934457883,16.341215033683724,2.2167693403071587,99.63553764832689,-2.440316994978315,12.0,2.4,2.4,15,8.13417497453956,4.077134146821339
PC_TK12_TR2.8_ST2.4_BL12,chase,0.024241594666577715,-0.005945743699769412,15,256.22743889025594,245.11822550525588,4.06708748726978,65.00742296996694,-7.991888934457883,16.341215033683724,2.2167693403071587,99.63553764832689,-2.440316994978315,12.0,2.8,2.4,12,8.13417497453956,4.077134146821339
PC_TK12_TR2.8_ST2.4_BL15,chase,0.024241594666577715,-0.005945743699769412,15,256.22743889025594,245.11822550525588,4.06708748726978,65.00742296996694,-7.991888934457883,16.341215033683724,2.2167693403071587,99.63553764832689,-2.440316994978315,12.0,2.8,2.4,15,8.13417497453956,4.077134146821339
PC_TK12_TR2.0_ST2.0_BL12,chase,0.02389352805253031,-0.009004133590898356,18,251.89326050558813,241.86822995558816,3.9784776139486406,64.6147101389819,-6.246563133793956,13.437123886421565,2.1134412949468673,120.69942839981388,-2.243855062214417,12.0,2.0,2.0,12,10.344041796266465,2.6536176758508554
PC_TK12_TR2.0_ST2.0_BL15,chase,0.02389352805253031,-0.009004133590898356,18,251.89326050558813,241.86822995558816,3.9784776139486406,64.6147101389819,-6.246563133793956,13.437123886421565,2.1134412949468673,120.69942839981388,-2.243855062214417,12.0,2.0,2.0,15,10.344041796266465,2.6536176758508554
PC_TK12_TR2.4_ST2.0_BL12,chase,0.02389352805253031,-0.009004133590898356,18,251.89326050558813,241.86822995558816,3.9784776139486406,64.6147101389819,-6.246563133793956,13.437123886421565,2.1134412949468673,120.69942839981388,-2.243855062214417,12.0,2.4,2.0,12,10.344041796266465,2.6536176758508554
PC_TK12_TR2.4_ST2.0_BL15,chase,0.02389352805253031,-0.009004133590898356,18,251.89326050558813,241.86822995558816,3.9784776139486406,64.6147101389819,-6.246563133793956,13.437123886421565,2.1134412949468673,120.69942839981388,-2.243855062214417,12.0,2.4,2.0,15,10.344041796266465,2.6536176758508554
PC_TK12_TR2.8_ST2.0_BL12,chase,0.02389352805253031,-0.009004133590898356,18,251.89326050558813,241.86822995558816,3.9784776139486406,64.6147101389819,-6.246563133793956,13.437123886421565,2.1134412949468673,120.69942839981388,-2.243855062214417,12.0,2.8,2.0,12,10.344041796266465,2.6536176758508554
PC_TK12_TR2.8_ST2.0_BL15,chase,0.02389352805253031,-0.009004133590898356,18,251.89326050558813,241.86822995558816,3.9784776139486406,64.6147101389819,-6.246563133793956,13.437123886421565,2.1134412949468673,120.69942839981388,-2.243855062214417,12.0,2.8,2.0,15,10.344041796266465,2.6536176758508554
PC_TK14_TR2.0_ST2.0_BL12,chase,0.023711969953920997,-0.008976968022539444,17,251.64997271560497,239.91329774560495,4.068598065549261,63.619330929389356,-6.515279741778485,14.112546926212056,2.265753144339755,98.49560485553494,-1.7659480822971834,14.0,2.0,2.0,12,9.764635357318225,2.641423016589208
PC_TK14_TR2.0_ST2.0_BL15,chase,0.023711969953920997,-0.008976968022539444,17,251.64997271560497,239.91329774560495,4.068598065549261,63.619330929389356,-6.515279741778485,14.112546926212056,2.265753144339755,98.49560485553494,-1.7659480822971834,14.0,2.0,2.0,15,9.764635357318225,2.641423016589208
PC_TK14_TR2.4_ST2.0_BL12,chase,0.023711969953920997,-0.008976968022539444,17,251.64997271560497,239.91329774560495,4.068598065549261,63.619330929389356,-6.515279741778485,14.112546926212056,2.265753144339755,98.49560485553494,-1.7659480822971834,14.0,2.4,2.0,12,9.764635357318225,2.641423016589208
PC_TK14_TR2.4_ST2.0_BL15,chase,0.023711969953920997,-0.008976968022539444,17,251.64997271560497,239.91329774560495,4.068598065549261,63.619330929389356,-6.515279741778485,14.112546926212056,2.265753144339755,98.49560485553494,-1.7659480822971834,14.0,2.4,2.0,15,9.764635357318225,2.641423016589208
PC_TK14_TR2.8_ST2.0_BL12,chase,0.023711969953920997,-0.008976968022539444,17,251.64997271560497,239.91329774560495,4.068598065549261,63.619330929389356,-6.515279741778485,14.112546926212056,2.265753144339755,98.49560485553494,-1.7659480822971834,14.0,2.8,2.0,12,9.764635357318225,2.641423016589208
PC_TK14_TR2.8_ST2.0_BL15,chase,0.023711969953920997,-0.008976968022539444,17,251.64997271560497,239.91329774560495,4.068598065549261,63.619330929389356,-6.515279741778485,14.112546926212056,2.265753144339755,98.49560485553494,-1.7659480822971834,14.0,2.8,2.0,15,9.764635357318225,2.641423016589208
PC_TK18_TR2.0_ST2.4_BL18,chase,0.018729001885120278,-0.011928869583754609,13,201.61808604925957,189.63172646425957,3.911477904750966,50.95283786247213,-8.14155785601264,14.587055881866121,2.209980078147952,75.4952977043613,-23.017115810035996,18.0,2.0,2.4,18,6.258364647601545,1.5700567227783648
PC_TK18_TR2.4_ST2.4_BL18,chase,0.018622181017687867,-0.012033916545568957,13,200.54934300341174,188.56298341841173,3.8950691432960163,50.739089253302566,-8.14155785601264,14.504844878339364,2.203242070787147,74.42655465851347,-23.017987618377582,18.0,2.4,2.4,18,6.232110629273627,1.547474668547938
PC_TK18_TR2.8_ST2.4_BL18,chase,0.018622181017687867,-0.012033916545568957,13,200.54934300341174,188.56298341841173,3.8950691432960163,50.739089253302566,-8.14155785601264,14.504844878339364,2.203242070787147,74.42655465851347,-23.017987618377582,18.0,2.8,2.4,18,6.232110629273627,1.547474668547938
PC_TK18_TR2.0_ST2.2_BL18,chase,0.01827724574895173,-0.011928869583754609,13,197.02210744827647,185.11186711327645,4.085720123241803,49.020342111973825,-7.498730430824086,14.239374393328957,2.341995388256775,80.63791710586975,-21.15043315188529,18.0,2.0,2.2,18,6.5371521971868845,1.5321858974669897
PC_TK18_TR2.4_ST2.2_BL18,chase,0.01817042488151932,-0.012033916545568957,13,195.95336440242863,184.0431240674286,4.067904723426677,48.80659350280426,-7.498730430824086,14.1571633898022,2.334644834772261,79.56917406002191,-21.15130496022688,18.0,2.4,2.2,18,6.508647557482684,1.5099344268105221
PC_TK18_TR2.8_ST2.2_BL18,chase,0.01817042488151932,-0.012033916545568957,13,195.95336440242863,184.0431240674286,4.067904723426677,48.80659350280426,-7.498730430824086,14.1571633898022,2.334644834772261,79.56917406002191,-21.15130496022688,18.0,2.8,2.2,18,6.508647557482684,1.5099344268105221
PC_TK16_TR2.0_ST2.4_BL18,chase,0.01744388943335462,-0.011928869583754609,13,188.6417813792709,176.7741137942709,3.7140707730726414,48.3813153284744,-8.14155785601264,13.598008753405454,2.05761734776559,75.4952977043613,-23.01969124341804,16.0,2.0,2.4,18,5.942513236916226,1.4623254375343888
PC_TK16_TR2.4_ST2.4_BL18,chase,0.01733706856592221,-0.012033916545568957,13,187.57303833342306,175.70537074842306,3.697662011617692,48.16756671930483,-8.14155785601264,13.515797749878697,2.0508793404047854,74.42655465851347,-23.020563051759627,16.0,2.4,2.4,18,5.916259218588307,1.4406837956929277
PC_TK16_TR2.8_ST2.4_BL18,chase,0.01733706856592221,-0.012033916545568957,13,187.57303833342306,175.70537074842306,3.697662011617692,48.16756671930483,-8.14155785601264,13.515797749878697,2.0508793404047854,74.42655465851347,-23.020563051759627,16.0,2.8,2.4,18,5.916259218588307,1.4406837956929277
PC_TK18_TR2.0_ST2.4_BL12,chase,0.017217723524532103,-0.0124768161126253,15,187.79920485278186,174.8452999677818,3.1877844074373662,50.95283786247213,-7.991888934457883,11.656353331185453,1.7674313579869103,60.70887120788357,-2.575866451090607,18.0,2.0,2.4,12,6.3755688148747325,1.3799773411030298
PC_TK18_TR2.0_ST2.4_BL15,chase,0.017217723524532103,-0.0124768161126253,15,187.79920485278186,174.8452999677818,3.1877844074373662,50.95283786247213,-7.991888934457883,11.656353331185453,1.7674313579869103,60.70887120788357,-2.575866451090607,18.0,2.0,2.4,15,6.3755688148747325,1.3799773411030298
PC_TK18_TR2.4_ST2.4_BL12,chase,0.01711090265709947,-0.012581863074439648,15,186.73046180693402,173.77655692193397,3.174411560859884,50.739089253302566,-7.991888934457883,11.585103794795598,1.761591751607546,59.64012816203574,-2.5766220183199833,18.0,2.4,2.4,12,6.348823121719768,1.359965734475419
PC_TK18_TR2.4_ST2.4_BL15,chase,0.01711090265709947,-0.012581863074439648,15,186.73046180693402,173.77655692193397,3.174411560859884,50.739089253302566,-7.991888934457883,11.585103794795598,1.761591751607546,59.64012816203574,-2.5766220183199833,18.0,2.4,2.4,15,6.348823121719768,1.359965734475419
PC_TK18_TR2.8_ST2.4_BL12,chase,0.01711090265709947,-0.012581863074439648,15,186.73046180693402,173.77655692193397,3.174411560859884,50.739089253302566,-7.991888934457883,11.585103794795598,1.761591751607546,59.64012816203574,-2.5766220183199833,18.0,2.8,2.4,12,6.348823121719768,1.359965734475419
PC_TK18_TR2.8_ST2.4_BL15,chase,0.01711090265709947,-0.012581863074439648,15,186.73046180693402,173.77655692193397,3.174411560859884,50.739089253302566,-7.991888934457883,11.585103794795598,1.761591751607546,59.64012816203574,-2.5766220183199833,18.0,2.8,2.4,15,6.348823121719768,1.359965734475419
PC_TK18_TR2.0_ST2.2_BL12,chase,0.016878634095356393,-0.012438243090335033,15,184.32702747233867,171.45266958733865,3.3279688007245976,49.020342111973825,-7.364904097253051,11.430177972489243,1.8805439295322495,66.97871957993192,-2.3481872601338756,18.0,2.0,2.2,12,6.655937601449195,1.3569950332030176
PC_TK18_TR2.0_ST2.2_BL15,chase,0.016878634095356393,-0.012438243090335033,15,184.32702747233867,171.45266958733865,3.3279688007245976,49.020342111973825,-7.364904097253051,11.430177972489243,1.8805439295322495,66.97871957993192,-2.3481872601338756,18.0,2.0,2.2,15,6.655937601449195,1.3569950332030176
PC_TK18_TR2.4_ST2.2_BL12,chase,0.01677181322792376,-0.01254329005214938,15,183.25828442649083,170.3839265414908,3.313457504559228,48.80659350280426,-7.364904097253051,11.358928436099387,1.8741734498456708,65.90997653408408,-2.3489428273632518,18.0,2.4,2.2,12,6.6269150091184565,1.3371143582101725
PC_TK18_TR2.4_ST2.2_BL15,chase,0.01677181322792376,-0.01254329005214938,15,183.25828442649083,170.3839265414908,3.313457504559228,48.80659350280426,-7.364904097253051,11.358928436099387,1.8741734498456708,65.90997653408408,-2.3489428273632518,18.0,2.4,2.2,15,6.6269150091184565,1.3371143582101725
PC_TK18_TR2.8_ST2.2_BL12,chase,0.01677181322792376,-0.01254329005214938,15,183.25828442649083,170.3839265414908,3.313457504559228,48.80659350280426,-7.364904097253051,11.358928436099387,1.8741734498456708,65.90997653408408,-2.3489428273632518,18.0,2.8,2.2,12,6.6269150091184565,1.3371143582101725
PC_TK18_TR2.8_ST2.2_BL15,chase,0.01677181322792376,-0.01254329005214938,15,183.25828442649083,170.3839265414908,3.313457504559228,48.80659350280426,-7.364904097253051,11.358928436099387,1.8741734498456708,65.90997653408408,-2.3489428273632518,18.0,2.8,2.2,15,6.6269150091184565,1.3371143582101725
PC_TK16_TR2.0_ST2.4_BL12,chase,0.015932611072766445,-0.0124768161126253,15,174.82290018279318,161.98768729779314,3.026901132213762,48.3813153284744,-7.991888934457883,10.79917915318621,1.6353836583221963,60.70887120788357,-2.5780984933550446,16.0,2.0,2.4,12,6.053802264427524,1.2769773096715133
PC_TK16_TR2.0_ST2.4_BL15,chase,0.015932611072766445,-0.0124768161126253,15,174.82290018279318,161.98768729779314,3.026901132213762,48.3813153284744,-7.991888934457883,10.79917915318621,1.6353836583221963,60.70887120788357,-2.5780984933550446,16.0,2.0,2.4,15,6.053802264427524,1.2769773096715133
PC_TK16_TR2.4_ST2.4_BL12,chase,0.015825790205334034,-0.012581863074439648,15,173.75415713694534,160.9189442519453,3.0135282856362795,48.16756671930483,-7.991888934457883,10.727929616796354,1.6295440519428321,59.64012816203574,-2.5788540605844217,16.0,2.4,2.4,12,6.027056571272559,1.2578256583863563
PC_TK16_TR2.4_ST2.4_BL15,chase,0.015825790205334034,-0.012581863074439648,15,173.75415713694534,160.9189442519453,3.0135282856362795,48.16756671930483,-7.991888934457883,10.727929616796354,1.6295440519428321,59.64012816203574,-2.5788540605844217,16.0,2.4,2.4,15,6.027056571272559,1.2578256583863563
PC_TK16_TR2.8_ST2.4_BL12,chase,0.015825790205334034,-0.012581863074439648,15,173.75415713694534,160.9189442519453,3.0135282856362795,48.16756671930483,-7.991888934457883,10.727929616796354,1.6295440519428321,59.64012816203574,-2.5788540605844217,16.0,2.8,2.4,12,6.027056571272559,1.2578256583863563
PC_TK16_TR2.8_ST2.4_BL15,chase,0.015825790205334034,-0.012581863074439648,15,173.75415713694534,160.9189442519453,3.0135282856362795,48.16756671930483,-7.991888934457883,10.727929616796354,1.6295440519428321,59.64012816203574,-2.5788540605844217,16.0,2.8,2.4,15,6.027056571272559,1.2578256583863563
